PERMNO,date,PRC,RET
86755,20080102,50.45,-0.015033
86755,20080103,50.62,0.00337
86755,20080104,48.4,-0.043856
86755,20080107,48.17,-0.004752
86755,20080108,46.92,-0.02595
86755,20080109,47.92,0.021313
86755,20080110,47.99,0.001461
86755,20080111,47.05,-0.019587
86755,20080114,47.87,0.017428
86755,20080115,46.55,-0.027575
86755,20080116,46.05,-0.010741
86755,20080117,45.41,-0.013898
86755,20080118,45.35,-0.001321
86755,20080122,44.18,-0.025799
86755,20080123,44.02,-0.003622
86755,20080124,44.91,0.020218
86755,20080125,43.99,-0.020485
86755,20080128,44.33,0.007729
86755,20080129,44.41,0.001805
86755,20080130,44.37,-0.000901
86755,20080131,45.13,0.017129
86755,20080201,45.5899,0.010191
86755,20080204,44.95,-0.014036
86755,20080205,43.6699,-0.028478
86755,20080206,42.81,-0.019691
86755,20080207,43.11,0.007008
86755,20080208,43.6,0.011366
86755,20080211,44.07,0.01078
86755,20080212,43.82,-0.005673
86755,20080213,44.78,0.021908
86755,20080214,43.97,-0.018088
86755,20080215,43.82,-0.003411
86755,20080219,43.74,-0.001826
86755,20080220,43.94,0.004572
86755,20080221,43.52,-0.009558
86755,20080222,43.68,0.003676
86755,20080225,43.9,0.005037
86755,20080226,44.07,0.003872
86755,20080227,44.29,0.004992
86755,20080228,44.12,-0.003838
86755,20080229,42.95,-0.026519
86755,20080303,42.67,-0.006519
86755,20080304,42.91,0.005625
86755,20080305,43.1199,0.004892
86755,20080306,42.17,-0.022029
86755,20080307,42.07,-0.002371
86755,20080310,41.26,-0.019254
86755,20080311,42.8301,0.038054
86755,20080312,42.71,-0.002804
86755,20080313,43.04,0.007727
86755,20080314,42.25,-0.018355
86755,20080317,41.48,-0.018225
86755,20080318,43.33,0.0446
86755,20080319,42.26,-0.024694
86755,20080320,43.09,0.02041
86755,20080324,44.5799,0.034576
86755,20080325,44.83,0.00561
86755,20080326,44.7,-0.0029
86755,20080327,43.71,-0.022148
86755,20080328,43.49,-0.005033
86755,20080331,43.72,0.005289
86755,20080401,45.59,0.042772
86755,20080402,45.49,-0.002193
86755,20080403,45.59,0.002198
86755,20080404,45.86,0.005922
86755,20080407,45.76,-0.002181
86755,20080408,45.41,-0.007649
86755,20080409,44.9,-0.011231
86755,20080410,45.54,0.014254
86755,20080411,44.28,-0.027668
86755,20080414,44.08,-0.004517
86755,20080415,44.14,0.001361
86755,20080416,45.37,0.027866
86755,20080417,45.27,-0.002204
86755,20080418,46.71,0.031809
86755,20080421,47.04,0.007065
86755,20080422,46.34,-0.014881
86755,20080423,46.85,0.011006
86755,20080424,47.27,0.008965
86755,20080425,47.15,-0.002539
86755,20080428,47.24,0.001909
86755,20080429,47.6,0.007621
86755,20080430,47.21,-0.008193
86755,20080501,48.7,0.031561
86755,20080502,48.77,0.001437
86755,20080505,48.63,-0.002871
86755,20080506,48.93,0.006169
86755,20080507,48.04,-0.018189
86755,20080508,48.4,0.007494
86755,20080509,48.21,-0.003926
86755,20080512,49.09,0.018253
86755,20080513,49.22,0.002648
86755,20080514,49.11,-0.002235
86755,20080515,49.97,0.017512
86755,20080516,50.0099,0.000798
86755,20080519,49.65,-0.007197
86755,20080520,49.27,-0.007654
86755,20080521,48.18,-0.022123
86755,20080522,48.35,0.003528
86755,20080523,48.2,-0.003102
86755,20080527,49.05,0.017635
86755,20080528,49.25,0.004077
86755,20080529,49.69,0.008934
86755,20080530,50.01,0.00644
86755,20080602,49.4,-0.012197
86755,20080603,49.13,-0.005466
86755,20080604,49.76,0.012823
86755,20080605,50.55,0.015876
86755,20080606,49.03,-0.030069
86755,20080609,48.77,-0.005303
86755,20080610,48.54,-0.004716
86755,20080611,47.38,-0.023898
86755,20080612,47.42,0.000844
86755,20080613,48.37,0.020034
86755,20080616,48.8,0.00889
86755,20080617,48.54,-0.005328
86755,20080618,48.02,-0.010713
86755,20080619,48.77,0.015618
86755,20080620,47.42,-0.026975
86755,20080623,47.05,-0.007803
86755,20080624,46.81,-0.005101
86755,20080625,47.57,0.016236
86755,20080626,45.65,-0.040362
86755,20080627,45.65,0
86755,20080630,45.17,-0.010515
86755,20080701,45.81,0.014169
86755,20080702,44.71,-0.024012
86755,20080703,44.63,-0.001789
86755,20080707,44.9,0.00605
86755,20080708,45.97,0.023831
86755,20080709,44.75,-0.026539
86755,20080710,45.28,0.011844
86755,20080711,44.56,-0.015901
86755,20080714,44.23,-0.007406
86755,20080715,44.24,0.000226
86755,20080716,45.34,0.024864
86755,20080717,45.64,0.006617
86755,20080718,44.59,-0.023006
86755,20080721,44.78,0.004261
86755,20080722,44.78,0
86755,20080723,45.37,0.013176
86755,20080724,44.69,-0.014988
86755,20080725,45.27,0.012978
86755,20080728,44.42,-0.018776
86755,20080729,45.34,0.020711
86755,20080730,45.57,0.005073
86755,20080731,45.46,-0.002414
86755,20080801,44.88,-0.012758
86755,20080804,44.43,-0.010027
86755,20080805,45.93,0.033761
86755,20080806,46.63,0.015241
86755,20080807,46.27,-0.00772
86755,20080808,47.32,0.022693
86755,20080811,47.75,0.009087
86755,20080812,47.8,0.001047
86755,20080813,47.7,-0.002092
86755,20080814,48.25,0.01153
86755,20080815,48.16,-0.001865
86755,20080818,47.6,-0.011628
86755,20080819,47.01,-0.012395
86755,20080820,47.09,0.001702
86755,20080821,46.87,-0.004672
86755,20080822,47.49,0.013228
86755,20080825,46.49,-0.021057
86755,20080826,46.43,-0.001291
86755,20080827,46.73,0.006461
86755,20080828,47.11,0.008132
86755,20080829,46.12,-0.021015
86755,20080902,45.55,-0.012359
86755,20080903,45.12,-0.00944
86755,20080904,43.66,-0.032358
86755,20080905,43.45,-0.00481
86755,20080908,43.31,-0.003222
86755,20080909,42.45,-0.019857
86755,20080910,42.8,0.008245
86755,20080911,43.6,0.018692
86755,20080912,43.43,-0.003899
86755,20080915,42.08,-0.031084
86755,20080916,42.41,0.007842
86755,20080917,40.21,-0.051875
86755,20080918,41.57,0.033822
86755,20080919,42.9,0.03267
86755,20080922,40.88,-0.047086
86755,20080923,40.57,-0.007583
86755,20080924,40.85,0.006902
86755,20080925,41.5,0.015912
86755,20080926,41.08,-0.01012
86755,20080929,37.82,-0.079357
86755,20080930,38.91,0.028821
86755,20081001,38.5,-0.010537
86755,20081002,36.75,-0.045455
86755,20081003,36.18,-0.01551
86755,20081006,34.86,-0.036484
86755,20081007,32.65,-0.063396
86755,20081008,32.39,-0.007963
86755,20081009,31.52,-0.02686
86755,20081010,31.32,-0.006345
86755,20081013,35.13,0.121648
86755,20081014,33.61,-0.043268
86755,20081015,30.6,-0.089557
86755,20081016,32.26,0.054248
86755,20081017,32.3,0.00124
86755,20081020,33.2,0.027864
86755,20081021,31.48,-0.051807
86755,20081022,30.61,-0.027637
86755,20081023,30.49,-0.00392
86755,20081024,29.51,-0.032142
86755,20081027,28.69,-0.027787
86755,20081028,31.86,0.110491
86755,20081029,31.78,-0.002511
86755,20081030,32.84,0.033354
86755,20081031,32.89,0.001523
86755,20081103,32.82,-0.002128
86755,20081104,33.75,0.028336
86755,20081105,31.99,-0.052148
86755,20081106,30.56,-0.044701
86755,20081107,31.19,0.020615
86755,20081110,30.77,-0.013466
86755,20081111,30.1,-0.021774
86755,20081112,28.71,-0.046179
86755,20081113,30.46,0.060954
86755,20081114,28.98,-0.048588
86755,20081117,28.37,-0.021049
86755,20081118,28.34,-0.001057
86755,20081119,26.86,-0.052223
86755,20081120,25.56,-0.048399
86755,20081121,26.67,0.043427
86755,20081124,28.3,0.061117
86755,20081125,28.17,-0.004594
86755,20081126,29.35,0.041889
86755,20081128,29.12,-0.007836
86755,20081201,26.93,-0.075206
86755,20081202,27.83,0.03342
86755,20081203,28.62,0.028387
86755,20081204,27.81,-0.028302
86755,20081205,28.94,0.040633
86755,20081208,30.08,0.039392
86755,20081209,30.01,-0.002327
86755,20081210,29.91,-0.003332
86755,20081211,29.09,-0.027416
86755,20081212,29.68,0.020282
86755,20081215,29.16,-0.01752
86755,20081216,30.56,0.048011
86755,20081217,30.19,-0.012107
86755,20081218,29.66,-0.017556
86755,20081219,29.86,0.008208
86755,20081222,29.21,-0.021768
86755,20081223,29.06,-0.005135
86755,20081224,29.14,0.002753
86755,20081226,29.13,-0.000343
86755,20081229,28.89,-0.008239
86755,20081230,29.49,0.020768
86755,20081231,29.74,0.008477
86755,20090102,31.03,0.043376
86755,20090105,31.02,-0.000322
86755,20090106,31.33,0.009994
86755,20090107,30.44,-0.028407
86755,20090108,30.76,0.010512
86755,20090109,30.07,-0.022432
86755,20090112,29.52,-0.018291
86755,20090113,29.53,0.000339
86755,20090114,28.63,-0.030478
86755,20090115,29.099,0.016381
86755,20090116,29.42,0.011031
86755,20090120,27.96,-0.049626
86755,20090121,29.15,0.042561
86755,20090122,28.76,-0.013379
86755,20090123,28.9,0.004868
86755,20090126,29.11,0.007266
86755,20090127,29.32,0.007214
86755,20090128,30.35,0.03513
86755,20090129,29.58,-0.025371
86755,20090130,29.06,-0.017579
86755,20090202,29.41,0.012044
86755,20090203,29.87,0.015641
86755,20090204,29.91,0.001339
86755,20090205,30.57,0.022066
86755,20090206,31.37,0.026169
86755,20090209,31.5,0.004144
86755,20090210,30.34,-0.036825
86755,20090211,30.2,-0.004614
86755,20090212,30.57,0.012252
86755,20090213,30.43,-0.00458
86755,20090217,29.22,-0.039763
86755,20090218,29.24,0.000684
86755,20090219,28.79,-0.01539
86755,20090220,28.87,0.002779
86755,20090223,27.86,-0.034984
86755,20090224,28.78,0.033022
86755,20090225,28.59,-0.006602
86755,20090226,27.79,-0.027982
86755,20090227,27.53,-0.009356
86755,20090302,26.64,-0.032328
86755,20090303,26.62,-0.000751
86755,20090304,27.33,0.026672
86755,20090305,26.51,-0.030004
86755,20090306,26.3,-0.007922
86755,20090309,25.74,-0.021293
86755,20090310,27.33,0.061772
86755,20090311,27.75,0.015368
86755,20090312,28.67,0.033153
86755,20090313,28.74,0.002442
86755,20090316,28.26,-0.016701
86755,20090317,29.33,0.037863
86755,20090318,29.7,0.012615
86755,20090319,29.68,-0.000673
86755,20090320,29.18,-0.015199
86755,20090323,30.9,0.058944
86755,20090324,30.331,-0.018414
86755,20090325,30.47,0.004583
86755,20090326,31.41,0.03085
86755,20090327,30.82,-0.018784
86755,20090330,30.06,-0.024659
86755,20090331,30.32,0.008649
86755,20090401,30.77,0.014842
86755,20090402,31.76,0.032174
86755,20090403,32.35,0.018577
86755,20090406,32.27,-0.002473
86755,20090407,31.42,-0.02634
86755,20090408,31.95,0.016868
86755,20090409,32.94,0.030986
86755,20090413,32.89,-0.001518
86755,20090414,32.49,-0.012162
86755,20090415,32.4,-0.00277
86755,20090416,33.24,0.025926
86755,20090417,33.31,0.002106
86755,20090420,32.24,-0.032122
86755,20090421,32.69,0.013958
86755,20090422,32.79,0.003059
86755,20090423,33.11,0.009759
86755,20090424,33.69,0.017517
86755,20090427,33.73,0.001187
86755,20090428,33.48,-0.007412
86755,20090429,33.94,0.01374
86755,20090430,34.28,0.010018
86755,20090501,34.37,0.002625
86755,20090504,35.05,0.019785
86755,20090505,35.02,-0.000856
86755,20090506,35.03,0.000286
86755,20090507,34.21,-0.023408
86755,20090508,34.23,0.000585
86755,20090511,34.35,0.003506
86755,20090512,33.93,-0.012227
86755,20090513,33.02,-0.02682
86755,20090514,33.39,0.011205
86755,20090515,33.37,-0.000599
86755,20090518,34.24,0.026071
86755,20090519,34.4,0.004673
86755,20090520,34.28,-0.003488
86755,20090521,33.65,-0.018378
86755,20090522,33.54,-0.003269
86755,20090526,34.79,0.037269
86755,20090527,34.55,-0.006899
86755,20090528,34.95,0.011577
86755,20090529,35.38,0.012303
86755,20090601,36.39,0.028547
86755,20090602,36.44,0.001374
86755,20090603,36.33,-0.003019
86755,20090604,36.74,0.011285
86755,20090605,36.78,0.001089
86755,20090608,36.67,-0.002991
86755,20090609,36.95,0.007636
86755,20090610,36.82,-0.003518
86755,20090611,36.82,0
86755,20090612,36.65,-0.004617
86755,20090615,35.9,-0.020464
86755,20090616,35.55,-0.009749
86755,20090617,35.889,0.009536
86755,20090618,35.82,-0.001923
86755,20090619,36.16,0.010719
86755,20090622,35.08,-0.029867
86755,20090623,35,-0.002281
86755,20090624,35.59,0.016857
86755,20090625,36.29,0.019668
86755,20090626,36.37,0.002204
86755,20090629,36.45,0.0022
86755,20090630,36.38,-0.00192
86755,20090701,36.4,0.00055
86755,20090702,35.6,-0.021978
86755,20090706,35.41,-0.005337
86755,20090707,34.53,-0.024852
86755,20090708,34.71,0.005213
86755,20090709,34.77,0.001729
86755,20090710,34.92,0.004314
86755,20090713,35.59,0.019187
86755,20090714,35.72,0.003653
86755,20090715,36.92,0.033595
86755,20090716,37.01,0.002438
86755,20090717,37.56,0.014861
86755,20090720,37.92,0.009585
86755,20090721,38.18,0.006857
86755,20090722,38.5,0.008381
86755,20090723,39.35,0.022078
86755,20090724,39.05,-0.007624
86755,20090727,39.35,0.007682
86755,20090728,39.08,-0.006861
86755,20090729,39.34,0.006653
86755,20090730,39.57,0.005846
86755,20090731,39.45,-0.003033
86755,20090803,40.04,0.014956
86755,20090804,40.04,0
86755,20090805,39.73,-0.007742
86755,20090806,39.38,-0.008809
86755,20090807,39.88,0.012697
86755,20090810,39.6,-0.007021
86755,20090811,39.26,-0.008586
86755,20090812,39.87,0.015537
86755,20090813,40.09,0.005518
86755,20090814,39.63,-0.011474
86755,20090817,38.48,-0.029018
86755,20090818,39.03,0.014293
86755,20090819,39.3,0.006918
86755,20090820,39.76,0.011705
86755,20090821,40.29,0.01333
86755,20090824,40.25,-0.000993
86755,20090825,40.37,0.002981
86755,20090826,40.3,-0.001734
86755,20090827,40.4,0.002481
86755,20090828,40.44,0.00099
86755,20090831,40.03,-0.010138
86755,20090901,39.28,-0.018736
86755,20090902,39.25,-0.000764
86755,20090903,39.51,0.006624
86755,20090904,40.36,0.021514
86755,20090908,40.74,0.009415
86755,20090909,41.09,0.008591
86755,20090910,41.48,0.009491
86755,20090911,41.52,0.000964
86755,20090914,41.68,0.003854
86755,20090915,41.81,0.003119
86755,20090916,42.42,0.01459
86755,20090917,42.41,-0.000236
86755,20090918,42.44,0.001668
86755,20090921,42.57,0.003063
86755,20090922,42.65,0.001879
86755,20090923,42.45,-0.004689
86755,20090924,42.07,-0.008952
86755,20090925,41.7,-0.008795
86755,20090928,42.41,0.017026
86755,20090929,42.22,-0.00448
86755,20090930,42.25,0.000711
86755,20091001,41,-0.029586
86755,20091002,40.88,-0.002927
86755,20091005,41.21,0.008072
86755,20091006,41.94,0.017714
86755,20091007,42.06,0.002861
86755,20091008,42.24,0.00428
86755,20091009,42.48,0.005682
86755,20091012,42.57,0.002119
86755,20091013,42.58,0.000235
86755,20091014,43.16,0.013621
86755,20091015,43.06,-0.002317
86755,20091016,42.78,-0.006503
86755,20091019,43.21,0.010051
86755,20091020,43.22,0.000231
86755,20091021,43.14,-0.001851
86755,20091022,43.31,0.003941
86755,20091023,43.13,-0.004156
86755,20091026,42.99,-0.003246
86755,20091027,42.34,-0.01512
86755,20091028,41.39,-0.022437
86755,20091029,42.09,0.016912
86755,20091030,40.96,-0.026847
86755,20091102,41.13,0.00415
86755,20091103,41.26,0.003161
86755,20091104,41.33,0.001697
86755,20091105,42.35,0.024679
86755,20091106,42.6,0.005903
86755,20091109,43.51,0.021362
86755,20091110,43.62,0.002528
86755,20091111,43.9,0.006419
86755,20091112,43.65,-0.005695
86755,20091113,44.01,0.008247
86755,20091116,44.46,0.010225
86755,20091117,44.6,0.003149
86755,20091118,44.353,-0.005538
86755,20091119,43.66,-0.015625
86755,20091120,43.44,-0.005039
86755,20091123,44.14,0.016114
86755,20091124,43.99,-0.003398
86755,20091125,44.18,0.004319
86755,20091127,43.51,-0.015165
86755,20091130,43.56,0.001149
86755,20091201,44.01,0.010331
86755,20091202,44.07,0.001363
86755,20091203,43.89,-0.004084
86755,20091204,44.12,0.00524
86755,20091207,43.91,-0.00476
86755,20091208,43.642,-0.006103
86755,20091209,44.08,0.010036
86755,20091210,44.3,0.004991
86755,20091211,44.13,-0.003837
86755,20091214,44.55,0.009517
86755,20091215,44.3,-0.005612
86755,20091216,44.36,0.001354
86755,20091217,43.82,-0.012173
86755,20091218,44.46,0.016376
86755,20091221,44.96,0.011246
86755,20091222,45.23,0.006005
86755,20091223,45.56,0.007296
86755,20091224,45.98,0.009219
86755,20091228,46.22,0.00522
86755,20091229,46.03,-0.004111
86755,20091230,46.17,0.003041
86755,20091231,45.75,-0.009097
86755,20100104,46.42,0.014645
86755,20100105,46.42,0
86755,20100106,46.14,-0.006032
86755,20100107,46.17,0.00065
86755,20100108,46.55,0.00823
86755,20100111,46.36,-0.004082
86755,20100112,45.78,-0.012511
86755,20100113,46.35,0.012451
86755,20100114,46.39,0.000863
86755,20100115,45.85,-0.01164
86755,20100119,46.59,0.01614
86755,20100120,45.92,-0.014381
86755,20100121,45.49,-0.009364
86755,20100122,44.16,-0.029237
86755,20100125,44.31,0.003397
86755,20100126,44.35,0.000903
86755,20100127,44.7,0.007892
86755,20100128,43.55,-0.025727
86755,20100129,42.79,-0.017451
86755,20100201,43.26,0.010984
86755,20100202,43.65,0.009015
86755,20100203,43.89,0.005498
86755,20100204,42.62,-0.028936
86755,20100205,42.98,0.008447
86755,20100208,42.67,-0.007213
86755,20100209,43.11,0.010312
86755,20100210,43.02,-0.002088
86755,20100211,43.67,0.015109
86755,20100212,43.76,0.002061
86755,20100216,44.32,0.012797
86755,20100217,44.57,0.005641
86755,20100218,44.85,0.006282
86755,20100219,44.83,-0.000446
86755,20100222,44.74,-0.002008
86755,20100223,44.16,-0.012964
86755,20100224,44.61,0.01019
86755,20100225,44.6,-0.000224
86755,20100226,44.76,0.003587
86755,20100301,45.41,0.014522
86755,20100302,45.55,0.003083
86755,20100303,45.6,0.001098
86755,20100304,45.75,0.00329
86755,20100305,46.44,0.015082
86755,20100308,46.53,0.001938
86755,20100309,46.79,0.005588
86755,20100310,47.17,0.008121
86755,20100311,47.35,0.003816
86755,20100312,47.36,0.000211
86755,20100315,47.24,-0.002534
86755,20100316,47.54,0.006351
86755,20100317,47.67,0.002734
86755,20100318,47.83,0.003356
86755,20100319,47.49,-0.006033
86755,20100322,47.92,0.009054
86755,20100323,48.2525,0.006939
86755,20100324,48.02,-0.004818
86755,20100325,47.95,-0.001458
86755,20100326,48,0.001043
86755,20100329,48.23,0.004792
86755,20100330,48.39,0.003317
86755,20100331,48.16,-0.004753
86755,20100401,48.16,0
86755,20100405,48.61,0.009344
86755,20100406,48.75,0.00288
86755,20100407,48.63,-0.002462
86755,20100408,48.74,0.002262
86755,20100409,49.03,0.00595
86755,20100412,49.07,0.000816
86755,20100413,49.32,0.005095
86755,20100414,49.91,0.011963
86755,20100415,50.13,0.004408
86755,20100416,49.53,-0.011969
86755,20100419,49.5,-0.000606
86755,20100420,49.75,0.005051
86755,20100421,50.03,0.005628
86755,20100422,50.31,0.005597
86755,20100423,50.52,0.004174
86755,20100426,50.41,-0.002177
86755,20100427,49.34,-0.021226
86755,20100428,49.37,0.000608
86755,20100429,50.23,0.017419
86755,20100430,49.2375,-0.019759
86755,20100503,49.93,0.014065
86755,20100504,48.43,-0.030042
86755,20100505,48.18,-0.005162
86755,20100506,46.57,-0.033416
86755,20100507,45.41,-0.024909
86755,20100510,47.77,0.051971
86755,20100511,47.72,-0.001047
86755,20100512,48.62,0.01886
86755,20100513,47.85,-0.015837
86755,20100514,46.93,-0.019227
86755,20100517,47.08,0.003196
86755,20100518,46.43,-0.013806
86755,20100519,46.06,-0.007969
86755,20100520,44.35,-0.037126
86755,20100521,44.84,0.011049
86755,20100524,44.66,-0.004014
86755,20100525,44.7,0.000896
86755,20100526,44.2,-0.011186
86755,20100527,45.87,0.037783
86755,20100528,45.6,-0.005886
86755,20100601,45.18,-0.00921
86755,20100602,46.25,0.023683
86755,20100603,46.69,0.009513
86755,20100604,45.0925,-0.034215
86755,20100607,44.27,-0.01824
86755,20100608,44.19,-0.001807
86755,20100609,43.82,-0.008373
86755,20100610,45.07,0.028526
86755,20100611,45.5,0.009541
86755,20100614,45.49,-0.00022
86755,20100615,46.71,0.026819
86755,20100616,46.9,0.004068
86755,20100617,47.05,0.003198
86755,20100618,47,0.000835
86755,20100621,46.6,-0.008511
86755,20100622,46.24,-0.007725
86755,20100623,46.05,-0.004109
86755,20100624,45.35,-0.015201
86755,20100625,45.27,-0.001764
86755,20100628,45.11,-0.003534
86755,20100629,43.37,-0.038572
86755,20100630,42.71,-0.015218
86755,20100701,42.59,-0.00281
86755,20100702,42.47,-0.002818
86755,20100706,42.6,0.003061
86755,20100707,43.96,0.031925
86755,20100708,44.2,0.00546
86755,20100709,44.62,0.009502
86755,20100712,44.75,0.002914
86755,20100713,45.33,0.012961
86755,20100714,45.56,0.005074
86755,20100715,45.6,0.000878
86755,20100716,44.34,-0.027632
86755,20100719,44.72,0.00857
86755,20100720,45.26,0.012075
86755,20100721,44.64,-0.013699
86755,20100722,45.77,0.025314
86755,20100723,46.06,0.006336
86755,20100726,46.44,0.00825
86755,20100727,46.42,-0.000431
86755,20100728,46.05,-0.007971
86755,20100729,45.71,-0.007383
86755,20100730,45.81,0.002188
86755,20100802,46.67,0.018773
86755,20100803,46.47,-0.004285
86755,20100804,46.938,0.010071
86755,20100805,46.83,-0.002301
86755,20100806,46.76,-0.001495
86755,20100809,47.08,0.006844
86755,20100810,46.6725,-0.008656
86755,20100811,45.4,-0.027264
86755,20100812,45.04,-0.00793
86755,20100813,44.72,-0.007105
86755,20100816,44.8,0.001789
86755,20100817,45.372,0.012768
86755,20100818,45.55,0.003923
86755,20100819,44.86,-0.015148
86755,20100820,44.92,0.001337
86755,20100823,44.48,-0.009795
86755,20100824,43.65,-0.01866
86755,20100825,44.07,0.009622
86755,20100826,43.54,-0.012026
86755,20100827,44.07,0.012173
86755,20100830,43.61,-0.010438
86755,20100831,43.46,-0.00344
86755,20100901,44.76,0.029913
86755,20100902,45.26,0.011171
86755,20100903,46.01,0.016571
86755,20100907,45.7,-0.006738
86755,20100908,46.25,0.012035
86755,20100909,46.43,0.003892
86755,20100910,46.6,0.003661
86755,20100913,47.25,0.013949
86755,20100914,47.45,0.004233
86755,20100915,47.75,0.006322
86755,20100916,47.94,0.003979
86755,20100917,47.995,0.003474
86755,20100920,48.8299,0.017396
86755,20100921,48.82,-0.000203
86755,20100922,48.69,-0.002663
86755,20100923,48.67,-0.000411
86755,20100924,49.66,0.020341
86755,20100927,49.39,-0.005437
86755,20100928,49.37,-0.000405
86755,20100929,49.29,-0.00162
86755,20100930,49.07,-0.004463
86755,20101001,49.01,-0.001223
86755,20101004,48.48,-0.010814
86755,20101005,49.66,0.02434
86755,20101006,49.23,-0.008659
86755,20101007,49.41,0.003656
86755,20101008,49.75,0.006881
86755,20101011,49.77,0.000402
86755,20101012,50.11,0.006831
86755,20101013,50.52,0.008182
86755,20101014,50.42,-0.001979
86755,20101015,51.49,0.021222
86755,20101018,51.3,-0.00369
86755,20101019,50.82,-0.009357
86755,20101020,51.19,0.007281
86755,20101021,51.29,0.001954
86755,20101022,51.64,0.006824
86755,20101025,51.89,0.004841
86755,20101026,52.03,0.002698
86755,20101027,52.19,0.003075
86755,20101028,52.3,0.002108
86755,20101029,52.18,-0.002294
86755,20101101,52.22,0.000767
86755,20101102,52.78,0.010724
86755,20101103,53.02,0.004547
86755,20101104,53.67,0.012259
86755,20101105,53.67,0
86755,20101108,53.7375,0.001258
86755,20101109,53.45,-0.00535
86755,20101110,53.715,0.004958
86755,20101111,53.385,-0.006144
86755,20101112,52.51,-0.01639
86755,20101115,52.315,-0.003714
86755,20101116,51.45,-0.016534
86755,20101117,51.6,0.002915
86755,20101118,52.43,0.016085
86755,20101119,52.47,0.000763
86755,20101122,52.91,0.008386
86755,20101123,52.07,-0.015876
86755,20101124,53.12,0.020165
86755,20101126,52.968,-0.002861
86755,20101129,52.73,-0.004493
86755,20101130,52.085,-0.012232
86755,20101201,53.19,0.021215
86755,20101202,53.73,0.010152
86755,20101203,53.87,0.002606
86755,20101206,53.845,-0.000464
86755,20101207,53.88,0.00065
86755,20101208,54.08,0.003712
86755,20101209,54.135,0.001017
86755,20101210,54.495,0.00665
86755,20101213,54.3,-0.003578
86755,20101214,54.395,0.00175
86755,20101215,54.16,-0.00432
86755,20101216,54.58,0.007755
86755,20101217,54.52,0.000885
86755,20101220,54.56,0.000734
86755,20101221,54.89,0.006048
86755,20101222,54.885,-0.000091
86755,20101223,54.742,-0.002605
86755,20101227,54.77,0.000511
86755,20101228,54.67,-0.001826
86755,20101229,54.79,0.002195
86755,20101230,54.66,-0.002373
86755,20101231,54.46,-0.003659
86755,20110103,55.31,0.015608
86755,20110104,55.265,-0.000814
86755,20110105,55.74,0.008595
86755,20110106,55.92,0.003229
86755,20110107,55.87,-0.000894
86755,20110110,56.08,0.003759
86755,20110111,56.16,0.001426
86755,20110112,56.555,0.007033
86755,20110113,56.575,0.000354
86755,20110114,57,0.007512
86755,20110118,57.16,0.002807
86755,20110119,56.51,-0.011372
86755,20110120,56.11,-0.007078
86755,20110121,55.68,-0.007664
86755,20110124,56.45,0.013829
86755,20110125,56.5325,0.001461
86755,20110126,56.83,0.005262
86755,20110127,57.18,0.006159
86755,20110128,55.73,-0.025359
86755,20110131,56,0.004845
86755,20110201,57.05,0.01875
86755,20110202,56.955,-0.001665
86755,20110203,57.0575,0.0018
86755,20110204,57.375,0.005565
86755,20110207,57.65,0.004793
86755,20110208,58.025,0.006505
86755,20110209,57.93,-0.001637
86755,20110210,58.021,0.001571
86755,20110211,58.44,0.007222
86755,20110214,58.58,0.002396
86755,20110215,58.5,-0.001366
86755,20110216,58.881,0.006513
86755,20110217,58.86,-0.000357
86755,20110218,58.73,-0.002209
86755,20110222,57.03,-0.028946
86755,20110223,56.56,-0.008241
86755,20110224,56.855,0.005216
86755,20110225,57.65,0.013983
86755,20110228,57.7689,0.002062
86755,20110301,56.84,-0.01608
86755,20110302,57.14,0.005278
86755,20110303,58.265,0.019688
86755,20110304,57.9675,-0.005106
86755,20110307,57.19,-0.013413
86755,20110308,57.42,0.004022
86755,20110309,57.03,-0.006792
86755,20110310,56.14,-0.015606
86755,20110311,56.49,0.006234
86755,20110314,56.29,-0.00354
86755,20110315,55.49,-0.014212
86755,20110316,54.15,-0.024148
86755,20110317,54.65,0.009234
86755,20110318,54.45,-0.002253
86755,20110321,55.5,0.019284
86755,20110322,55.395,-0.001892
86755,20110323,55.71,0.005686
86755,20110324,56.7,0.017771
86755,20110325,56.84,0.002469
86755,20110328,56.53,-0.005454
86755,20110329,57.08,0.009729
86755,20110330,57.35,0.00473
86755,20110331,57.43,0.001395
86755,20110401,57.46,0.000522
86755,20110404,57.27,-0.003307
86755,20110405,57.12,-0.002619
86755,20110406,57.26,0.002451
86755,20110407,57.22,-0.000699
86755,20110408,56.95,-0.004719
86755,20110411,56.76,-0.003336
86755,20110412,56.37,-0.006871
86755,20110413,56.85,0.008515
86755,20110414,56.75,-0.001759
86755,20110415,56.65,-0.001762
86755,20110418,56.25,-0.007061
86755,20110419,56.6,0.006222
86755,20110420,57.875,0.022527
86755,20110421,58.34,0.008035
86755,20110425,58.49,0.002571
86755,20110426,58.82,0.005642
86755,20110427,59.22,0.0068
86755,20110428,59.13,-0.00152
86755,20110429,59.08,-0.000846
86755,20110502,58.97,-0.001862
86755,20110503,58.69,-0.004748
86755,20110504,58.6,-0.001533
86755,20110505,58.28,-0.005461
86755,20110506,58.47,0.00326
86755,20110509,58.69,0.003763
86755,20110510,59.19,0.008519
86755,20110511,58.755,-0.007349
86755,20110512,59.11,0.006042
86755,20110513,58.41,-0.011842
86755,20110516,57.399,-0.017309
86755,20110517,57.56,0.002805
86755,20110518,58.04,0.008339
86755,20110519,58.21,0.002929
86755,20110520,57.765,-0.007645
86755,20110523,56.92,-0.014628
86755,20110524,56.57,-0.006149
86755,20110525,56.79,0.003889
86755,20110526,57.1415,0.006189
86755,20110527,57.43,0.005049
86755,20110531,58.36,0.016194
86755,20110601,57.09,-0.021761
86755,20110602,57.21,0.002102
86755,20110603,56.35,-0.015032
86755,20110606,55.89,-0.008163
86755,20110607,55.79,-0.001789
86755,20110608,55.39,-0.00717
86755,20110609,55.485,0.001715
86755,20110610,54.64,-0.015229
86755,20110613,54.64,0
86755,20110614,55.34,0.012811
86755,20110615,54.29,-0.018974
86755,20110616,54.08,-0.003868
86755,20110617,53.79,-0.003129
86755,20110620,54.07,0.005205
86755,20110621,55.23,0.021454
86755,20110622,54.831,-0.007224
86755,20110623,55.34,0.009283
86755,20110624,54.38,-0.017347
86755,20110627,55.245,0.015907
86755,20110628,56.07,0.014933
86755,20110629,56.3,0.004102
86755,20110630,57.05,0.013321
86755,20110701,57.91,0.015075
86755,20110705,58.2,0.005008
86755,20110706,58.39,0.003265
86755,20110707,59.19,0.013701
86755,20110708,59.03,-0.002703
86755,20110711,57.96,-0.018126
86755,20110712,57.52,-0.007591
86755,20110713,57.76,0.004172
86755,20110714,57.09,-0.0116
86755,20110715,57.85,0.013312
86755,20110718,57.54,-0.005359
86755,20110719,58.85,0.022767
86755,20110720,58.6,-0.004248
86755,20110721,58.99,0.006655
86755,20110722,59.6,0.010341
86755,20110725,59.48,-0.002013
86755,20110726,59.625,0.002438
86755,20110727,58.09,-0.025744
86755,20110728,58.19,0.001721
86755,20110729,58,-0.003265
86755,20110801,57.73,-0.004655
86755,20110802,56.27,-0.02529
86755,20110803,56.81,0.009597
86755,20110804,54.17,-0.046471
86755,20110805,53.83,-0.006276
86755,20110808,50.59,-0.06019
86755,20110809,53.03,0.048231
86755,20110810,50.86,-0.04092
86755,20110811,53.1,0.044042
86755,20110812,53.57,0.008851
86755,20110815,54.36,0.014747
86755,20110816,53.9,-0.008462
86755,20110817,53.58,-0.005937
86755,20110818,50.95,-0.049085
86755,20110819,50.03,-0.018057
86755,20110822,50.21,0.003598
86755,20110823,52.28,0.041227
86755,20110824,52.69,0.007842
86755,20110825,51.83,-0.016322
86755,20110826,53.13,0.025082
86755,20110829,54.61,0.027856
86755,20110830,54.97,0.006592
86755,20110831,55.06,0.001637
86755,20110901,54.56,-0.009081
86755,20110902,53.28,-0.02346
86755,20110906,53.29,0.000188
86755,20110907,54.64,0.025333
86755,20110908,54.39,-0.004575
86755,20110909,53.18,-0.022247
86755,20110912,53.86,0.012787
86755,20110913,54.58,0.013368
86755,20110914,55.36,0.014291
86755,20110915,56.18,0.014812
86755,20110916,56.59,0.009155
86755,20110919,56.61,0.000353
86755,20110920,56.36,-0.004416
86755,20110921,55.38,-0.017388
86755,20110922,53.58,-0.032503
86755,20110923,54.15,0.010638
86755,20110926,54.78,0.011634
86755,20110927,55.35,0.010405
86755,20110928,54.53,-0.014815
86755,20110929,53.88,-0.01192
86755,20110930,52.49,-0.025798
86755,20111003,51.14,-0.025719
86755,20111004,52.19,0.020532
86755,20111005,53.53,0.025675
86755,20111006,54.43,0.016813
86755,20111007,54.07,-0.006614
86755,20111010,55.94,0.034585
86755,20111011,56.32,0.006793
86755,20111012,56.6,0.004972
86755,20111013,57.12,0.009187
86755,20111014,58.18,0.018557
86755,20111017,57.28,-0.015469
86755,20111018,57.99,0.012395
86755,20111019,56.87,-0.019314
86755,20111020,56.59,-0.004923
86755,20111021,57.3,0.012546
86755,20111024,58.49,0.020768
86755,20111025,57.34,-0.019662
86755,20111026,57.27,-0.001221
86755,20111027,58.85,0.027589
86755,20111028,58.94,0.001529
86755,20111031,57.95,-0.016797
86755,20111101,56.44,-0.026057
86755,20111102,56.92,0.008505
86755,20111103,58.1,0.020731
86755,20111104,57.8,-0.005163
86755,20111107,58.21,0.007093
86755,20111108,58.88,0.01151
86755,20111109,56.81,-0.035156
86755,20111110,56.78,-0.000528
86755,20111111,57.85,0.018845
86755,20111114,57.49,-0.006223
86755,20111115,58.13,0.011132
86755,20111116,57.17,-0.016515
86755,20111117,55.83,-0.023439
86755,20111118,55.4,-0.007702
86755,20111121,54.34,-0.019134
86755,20111122,54.52,0.003312
86755,20111123,53.29,-0.022561
86755,20111125,52.88,-0.007694
86755,20111128,54.72,0.034796
86755,20111129,54.38,-0.006213
86755,20111130,56.39,0.036962
86755,20111201,56.78,0.006916
86755,20111202,56.62,-0.002818
86755,20111205,57.24,0.01095
86755,20111206,57.08,-0.002795
86755,20111207,57.08,0
86755,20111208,56.12,-0.016819
86755,20111209,57.02,0.016037
86755,20111212,56.38,-0.011224
86755,20111213,55.76,-0.010997
86755,20111214,54.89,-0.015603
86755,20111215,54.74,-0.002733
86755,20111216,54.86,0.005125
86755,20111219,54.32,-0.009843
86755,20111220,55.93,0.029639
86755,20111221,55.13,-0.014304
86755,20111222,55.6,0.008525
86755,20111223,56.08,0.008633
86755,20111227,56.24,0.002853
86755,20111228,55.59,-0.011558
86755,20111229,55.99,0.007196
86755,20111230,55.83,-0.002858
86755,20120103,56.9,0.019165
86755,20120104,57.14,0.004218
86755,20120105,57.61,0.008225
86755,20120106,57.81,0.003472
86755,20120109,57.62,-0.003287
86755,20120110,58.04,0.007289
86755,20120111,58.16,0.002068
86755,20120112,58.39,0.003955
86755,20120113,58.18,-0.003596
86755,20120117,58.71,0.00911
86755,20120118,59.49,0.013286
86755,20120119,59.86,0.00622
86755,20120120,59.77,-0.001504
86755,20120123,59.79,0.000335
86755,20120124,59.68,-0.00184
86755,20120125,60.43,0.012567
86755,20120126,60.22,-0.003475
86755,20120127,60.4,0.002989
86755,20120130,60.45,0.000828
86755,20120131,60.53,0.001323
86755,20120201,61.02,0.008095
86755,20120202,61.21,0.003114
86755,20120203,62.05,0.013723
86755,20120206,62,-0.000806
86755,20120207,62.13,0.002097
86755,20120208,62.46,0.005311
86755,20120209,62.91,0.007205
86755,20120210,62.475,-0.006915
86755,20120213,63.05,0.009204
86755,20120214,63.21,0.002538
86755,20120215,62.77,-0.006961
86755,20120216,63.63,0.013701
86755,20120217,63.43,-0.003143
86755,20120221,63.61,0.002838
86755,20120222,63.32,-0.004559
86755,20120223,63.74,0.006633
86755,20120224,63.96,0.003451
86755,20120227,64.05,0.001407
86755,20120228,64.7,0.010148
86755,20120229,64.41,-0.004482
86755,20120301,64.92,0.007918
86755,20120302,64.87,-0.00077
86755,20120305,64.2,-0.010328
86755,20120306,63.57,-0.009813
86755,20120307,64.06,0.007708
86755,20120308,64.75,0.010771
86755,20120309,65.02,0.00417
86755,20120312,65.05,0.000461
86755,20120313,66.26,0.018601
86755,20120314,66.49,0.003471
86755,20120315,66.68,0.002858
86755,20120316,66.52,-0.000707
86755,20120319,66.99,0.007066
86755,20120320,67.11,0.001791
86755,20120321,67.12,0.000149
86755,20120322,66.98,-0.002086
86755,20120323,66.939,-0.000612
86755,20120326,68.11,0.017494
86755,20120327,68.21,0.001468
86755,20120328,67.938,-0.003988
86755,20120329,67.68,-0.003798
86755,20120330,67.55,-0.001921
86755,20120402,68.25,0.010363
86755,20120403,68.23,-0.000293
86755,20120404,67.3,-0.01363
86755,20120405,67.72,0.006241
86755,20120409,67.21,-0.007531
86755,20120410,66.13,-0.016069
86755,20120411,66.45,0.004839
86755,20120412,67.205,0.011362
86755,20120413,66.19,-0.015103
86755,20120416,65.45,-0.01118
86755,20120417,66.78,0.020321
86755,20120418,66.61,-0.002546
86755,20120419,65.86,-0.01126
86755,20120420,65.68,-0.002733
86755,20120423,65.08,-0.009135
86755,20120424,64.73,-0.005378
86755,20120425,66.45,0.026572
86755,20120426,66.84,0.005869
86755,20120427,67.24,0.005984
86755,20120430,66.76,-0.007139
86755,20120501,66.87,0.001648
86755,20120502,67.06,0.002841
86755,20120503,66.35,-0.010588
86755,20120504,64.7,-0.024868
86755,20120507,64.76,0.000927
86755,20120508,64.52,-0.003706
86755,20120509,64.321,-0.003084
86755,20120510,64.19,-0.002037
86755,20120511,64.18,-0.000156
86755,20120514,63.58,-0.009349
86755,20120515,63.37,-0.003303
86755,20120516,62.94,-0.006786
86755,20120517,61.61,-0.021131
86755,20120518,60.81,-0.012985
86755,20120521,62.51,0.027956
86755,20120522,62.44,-0.00112
86755,20120523,62.56,0.001922
86755,20120524,62.15,-0.006554
86755,20120525,62.07,-0.001287
86755,20120529,62.86,0.012728
86755,20120530,62.33,-0.008431
86755,20120531,62.06,-0.004332
86755,20120601,60.409,-0.026603
86755,20120604,60.87,0.007631
86755,20120605,61.12,0.004107
86755,20120606,62.52,0.022906
86755,20120607,62.27,-0.003999
86755,20120608,62.87,0.009635
86755,20120611,61.805,-0.01694
86755,20120612,62.56,0.012216
86755,20120613,62.13,-0.006873
86755,20120614,62.36,0.003702
86755,20120615,62.99,0.012398
86755,20120618,63.58,0.009367
86755,20120619,64.239,0.010365
86755,20120620,64.29,0.000794
86755,20120621,62.69,-0.024887
86755,20120622,63.35,0.010528
86755,20120625,62.13,-0.019258
86755,20120626,62.52,0.006277
86755,20120627,62.9,0.006078
86755,20120628,62.2,-0.011129
86755,20120629,64.16,0.031511
86755,20120702,64.35,0.002961
86755,20120703,64.89,0.008392
86755,20120705,64.93,0.000616
86755,20120706,64.12,-0.012475
86755,20120709,64,-0.001872
86755,20120710,63.37,-0.009844
86755,20120711,63.02,-0.005523
86755,20120712,62.43,-0.009362
86755,20120713,63.38,0.015217
86755,20120716,63.2,-0.00284
86755,20120717,63.53,0.005221
86755,20120718,64.39,0.013537
86755,20120719,65.1,0.011027
86755,20120720,64.235,-0.013287
86755,20120723,63.46,-0.012065
86755,20120724,62.96,-0.007879
86755,20120725,62.54,-0.006671
86755,20120726,63.37,0.013271
86755,20120727,64.87,0.023671
86755,20120730,64.82,-0.000771
86755,20120731,64.8,-0.000308
86755,20120801,64.61,-0.002932
86755,20120802,64.38,-0.00356
86755,20120803,65.6,0.01895
86755,20120806,66.1,0.007622
86755,20120807,66.65,0.008321
86755,20120808,66.62,-0.00045
86755,20120809,66.82,0.003002
86755,20120810,66.86,0.000599
86755,20120813,67.02,0.002393
86755,20120814,67.05,0.000448
86755,20120815,67.22,0.002535
86755,20120816,68.02,0.011901
86755,20120817,68.32,0.004411
86755,20120820,68.42,0.001464
86755,20120821,68.15,-0.003946
86755,20120822,68.43,0.004109
86755,20120823,67.87,-0.008184
86755,20120824,68.29,0.006188
86755,20120827,68.4,0.001611
86755,20120828,68.4,0
86755,20120829,68.4,0
86755,20120830,67.71,-0.010088
86755,20120831,68.16,0.006646
86755,20120904,68.09,-0.001027
86755,20120905,68.02,-0.001028
86755,20120906,69.53,0.022199
86755,20120907,69.43,-0.001438
86755,20120910,68.54,-0.012819
86755,20120911,68.43,-0.001605
86755,20120912,68.632,0.002952
86755,20120913,69.56,0.013521
86755,20120914,70.18,0.008913
86755,20120917,70.21,0.000427
86755,20120918,70.27,0.000855
86755,20120919,70.4,0.00185
86755,20120920,70.33,-0.000994
86755,20120921,70.15,0.000287
86755,20120924,69.735,-0.005916
86755,20120925,68.76,-0.013981
86755,20120926,68.2,-0.008144
86755,20120927,69.14,0.013783
86755,20120928,68.57,-0.008244
86755,20121001,68.47,-0.001458
86755,20121002,68.67,0.002921
86755,20121003,69.11,0.006407
86755,20121004,69.35,0.003473
86755,20121005,68.98,-0.005335
86755,20121008,68.35,-0.009133
86755,20121009,67.2592,-0.015959
86755,20121010,66.92,-0.005043
86755,20121011,66.71,-0.003138
86755,20121012,66.68,-0.00045
86755,20121015,67.17,0.007348
86755,20121016,68.12,0.014143
86755,20121017,68.08,-0.000587
86755,20121018,67.29,-0.011604
86755,20121019,65.68,-0.023926
86755,20121022,66.02,0.005177
86755,20121023,65.39,-0.009543
86755,20121024,65.164,-0.003456
86755,20121025,65.16,-0.000061
86755,20121026,65.35,0.002916
86755,20121031,64.95,-0.006121
86755,20121101,65.8729,0.014209
86755,20121102,65.17,-0.010671
86755,20121105,65.6,0.006598
86755,20121106,65.72,0.001829
86755,20121107,64.17,-0.023585
86755,20121108,63.16,-0.015739
86755,20121109,63.43,0.004275
86755,20121112,63.42,-0.000158
86755,20121113,62.98,-0.006938
86755,20121114,62.24,-0.01175
86755,20121115,62.0299,-0.003376
86755,20121116,62.3,0.004354
86755,20121119,63.7806,0.023766
86755,20121120,63.8,0.000304
86755,20121121,63.93,0.002038
86755,20121123,64.9,0.015173
86755,20121126,65.181,0.00433
86755,20121127,64.96,-0.003391
86755,20121128,65.52,0.008621
86755,20121129,65.91,0.005952
86755,20121130,65.8,-0.001669
86755,20121203,65.67,-0.001976
86755,20121204,65.63,-0.000609
86755,20121205,64.9032,-0.011074
86755,20121206,65.32,0.006422
86755,20121207,64.93,-0.005971
86755,20121210,65.12,0.002926
86755,20121211,65.97,0.013053
86755,20121212,65.83,-0.002122
86755,20121213,65.3111,-0.007883
86755,20121214,64.69,-0.00951
86755,20121217,65.55,0.013294
86755,20121218,66.5472,0.015213
86755,20121219,66.2605,-0.004308
86755,20121220,66.26,-0.000007
86755,20121221,65.2,-0.010464
86755,20121224,65.07,-0.001994
86755,20121226,64.5,-0.00876
86755,20121227,64.4,-0.00155
86755,20121228,63.78,-0.009627
86755,20121231,65.1301,0.021168
86755,20130102,67.2,0.031781
86755,20130103,66.8521,-0.005177
86755,20130104,66.63,-0.003322
86755,20130107,66.6504,0.000306
86755,20130108,66.52,-0.001957
86755,20130109,66.77,0.003758
86755,20130110,67.17,0.005991
86755,20130111,67.26,0.00134
86755,20130114,66.96,-0.00446
86755,20130115,66.63,-0.004928
86755,20130116,66.9,0.004052
86755,20130117,67.22,0.004783
86755,20130118,67.07,-0.002232
86755,20130122,67.18,0.00164
86755,20130123,67.59,0.006103
86755,20130124,66.66,-0.013759
86755,20130125,67,0.0051
86755,20130128,67.15,0.002239
86755,20130129,67.16,0.000149
86755,20130130,67.02,-0.002085
86755,20130131,66.87,-0.002238
86755,20130201,67.66,0.011814
86755,20130204,66.48,-0.01744
86755,20130205,67.46,0.014741
86755,20130206,67.24,-0.003261
86755,20130207,67.3,0.000892
86755,20130208,67.99,0.010253
86755,20130211,68.01,0.000294
86755,20130212,67.73,-0.004117
86755,20130213,67.97,0.003543
86755,20130214,67.95,-0.000294
86755,20130215,67.75,-0.002943
86755,20130219,68.24,0.007232
86755,20130220,67.19,-0.015387
86755,20130221,66.47,-0.010716
86755,20130222,67.139,0.010065
86755,20130225,66.31,-0.012348
86755,20130226,66.56,0.00377
86755,20130227,67.239,0.010201
86755,20130228,67.1,-0.002067
86755,20130301,67.38,0.004173
86755,20130304,67.68,0.004452
86755,20130305,68.68,0.014775
86755,20130306,68.51,-0.002475
86755,20130307,68.69,0.002627
86755,20130308,68.77,0.001165
86755,20130311,68.97,0.002908
86755,20130312,68.72,-0.003625
86755,20130313,68.63,-0.00131
86755,20130314,68.86,0.003351
86755,20130315,68.51,-0.002769
86755,20130318,68.36,-0.002189
86755,20130319,68.23,-0.001902
86755,20130320,68.709,0.00702
86755,20130321,67.93,-0.011338
86755,20130322,68.59,0.009716
86755,20130325,68.34,-0.003645
86755,20130326,68.71,0.005414
86755,20130327,68.801,0.001324
86755,20130328,68.97,0.002456
86755,20130401,68.5,-0.006815
86755,20130402,69.04,0.007883
86755,20130403,68.41,-0.009125
86755,20130404,68.43,0.000292
86755,20130405,67.861,-0.008315
86755,20130408,68.22,0.00529
86755,20130409,68.68,0.006743
86755,20130410,70.015,0.019438
86755,20130411,69.99,-0.000357
86755,20130412,69.94,-0.000714
86755,20130415,68.56,-0.019731
86755,20130416,69.47,0.013273
86755,20130417,68.115,-0.019505
86755,20130418,67.169,-0.013888
86755,20130419,68.09,0.013712
86755,20130422,68.79,0.010281
86755,20130423,69.45,0.009594
86755,20130424,69.42,-0.000432
86755,20130425,69.79,0.00533
86755,20130426,69.57,-0.003152
86755,20130429,70.21,0.009199
86755,20130430,70.72,0.007264
86755,20130501,70.39,-0.004666
86755,20130502,71.28,0.012644
86755,20130503,72.12,0.011785
86755,20130506,72.4,0.003882
86755,20130507,72.36,-0.000552
86755,20130508,72.71,0.004837
86755,20130509,72.6065,-0.001423
86755,20130510,73.05,0.006108
86755,20130513,73.14,0.001232
86755,20130514,73.52,0.005195
86755,20130515,73.67,0.00204
86755,20130516,73.59,-0.001086
86755,20130517,74.3,0.009648
86755,20130520,74.19,-0.00148
86755,20130521,74.27,0.001078
86755,20130522,73.619,-0.008765
86755,20130523,73.45,-0.002296
86755,20130524,73.41,-0.000544
86755,20130528,73.89,0.006539
86755,20130529,73.54,-0.004737
86755,20130530,73.93,0.005303
86755,20130531,73.25,-0.009198
86755,20130603,73.38,0.001775
86755,20130604,73,-0.005178
86755,20130605,72.05,-0.013014
86755,20130606,72.4,0.004858
86755,20130607,73.39,0.013674
86755,20130610,73.42,0.000409
86755,20130611,72.69,-0.009943
86755,20130612,71.85,-0.011556
86755,20130613,72.76,0.012665
86755,20130614,72.28,-0.006597
86755,20130617,72.98,0.009685
86755,20130618,73.58,0.008221
86755,20130619,72.76,-0.011144
86755,20130620,71.025,-0.023846
86755,20130621,70.43,-0.005229
86755,20130624,69.73,-0.009939
86755,20130625,70.24,0.007314
86755,20130626,70.87,0.008969
86755,20130627,71.17,0.004233
86755,20130628,71.27,0.001405
86755,20130701,71.71,0.006174
86755,20130702,71.74,0.000418
86755,20130703,72.031,0.004056
86755,20130705,72.58,0.007622
86755,20130708,72.65,0.000964
86755,20130709,73.09,0.006056
86755,20130710,73.51,0.005746
86755,20130711,74.97,0.019861
86755,20130712,75.3,0.004402
86755,20130715,75.47,0.002258
86755,20130716,75.37,-0.001325
86755,20130717,75.56,0.002521
86755,20130718,75.37,-0.002514
86755,20130719,74.59,-0.010349
86755,20130722,74.81,0.002949
86755,20130723,74.26,-0.007352
86755,20130724,74.5,0.003232
86755,20130725,74.97,0.006309
86755,20130726,75.37,0.005335
86755,20130729,75.23,-0.001857
86755,20130730,75.63,0.005317
86755,20130731,75.77,0.001851
86755,20130801,76.54,0.010162
86755,20130802,76.97,0.005618
86755,20130805,77.02,0.00065
86755,20130806,76.56,-0.005972
86755,20130807,76.42,-0.001829
86755,20130808,76.8,0.004973
86755,20130809,76.49,-0.004037
86755,20130812,76.67,0.002353
86755,20130813,77.1,0.005608
86755,20130814,76.81,-0.003761
86755,20130815,75.51,-0.016925
86755,20130816,75.485,-0.000331
86755,20130819,75.35,-0.001788
86755,20130820,75.68,0.00438
86755,20130821,75.42,-0.003436
86755,20130822,76.16,0.009812
86755,20130823,76.67,0.006696
86755,20130826,76.71,0.000522
86755,20130827,75.14,-0.020467
86755,20130828,75.43,0.003859
86755,20130829,75.96,0.007026
86755,20130830,75.47,-0.006451
86755,20130903,75.9,0.005698
86755,20130904,76.71,0.010672
86755,20130905,76.84,0.001695
86755,20130906,76.93,0.001171
86755,20130909,77.83,0.011699
86755,20130910,78.21,0.004882
86755,20130911,78.06,-0.001918
86755,20130912,78.01,-0.00064
86755,20130913,78.06,0.000641
86755,20130916,77.85,-0.00269
86755,20130917,78.37,0.00668
86755,20130918,79.31,0.011994
86755,20130919,79.5,0.002396
86755,20130920,78.985,-0.003488
86755,20130923,78.83,-0.001962
86755,20130924,78.83,0
86755,20130925,78.56,-0.003425
86755,20130926,79.17,0.007765
86755,20130927,79.07,-0.001263
86755,20130930,78.88,-0.002403
86755,20131001,79.68,0.010142
86755,20131002,79.65,-0.000376
86755,20131003,78.72,-0.011676
86755,20131004,79.4,0.008638
86755,20131007,78.74,-0.008312
86755,20131008,77.22,-0.019304
86755,20131009,76.98,-0.003108
86755,20131010,78.61,0.021174
86755,20131011,79.23,0.007887
86755,20131014,79.79,0.007068
86755,20131015,79.48,-0.003885
86755,20131016,80.38,0.011324
86755,20131017,80.84,0.005723
86755,20131018,82.15,0.016205
86755,20131021,82.33,0.002191
86755,20131022,82.45,0.001457
86755,20131023,81.95,-0.006064
86755,20131024,82.31,0.004393
86755,20131025,82.9,0.007168
86755,20131028,82.92,0.000241
86755,20131029,83.06,0.001688
86755,20131030,82.98,-0.000963
86755,20131031,82.79,-0.00229
86755,20131101,82.81,0.000242
86755,20131104,82.93,0.001449
86755,20131105,83.02,0.001085
86755,20131106,83,-0.000241
86755,20131107,81.44,-0.018795
86755,20131108,82.54,0.013507
86755,20131111,82.41,-0.001575
86755,20131112,82.54,0.001577
86755,20131113,83.54,0.012115
86755,20131114,83.8,0.003112
86755,20131115,83.96,0.001909
86755,20131118,83.14,-0.009767
86755,20131119,82.9,-0.002887
86755,20131120,82.7,-0.002413
86755,20131121,83.54,0.010157
86755,20131122,83.99,0.005387
86755,20131125,84.19,0.002381
86755,20131126,84.63,0.005226
86755,20131127,85.22,0.006972
86755,20131129,85.73,0.005985
86755,20131202,85.48,-0.002916
86755,20131203,85.41,-0.000819
86755,20131204,85.49,0.000937
86755,20131205,85.38,-0.001287
86755,20131206,86,0.007262
86755,20131209,86.35,0.00407
86755,20131210,86.29,-0.000695
86755,20131211,85.18,-0.012864
86755,20131212,84.96,-0.002583
86755,20131213,84.85,-0.001295
86755,20131216,85.32,0.005539
86755,20131217,85.15,-0.001992
86755,20131218,86.14,0.011627
86755,20131219,85.9,-0.002786
86755,20131220,86.5,0.010156
86755,20131223,87.41,0.01052
86755,20131224,87.45,0.000458
86755,20131226,87.74,0.003316
86755,20131227,87.52,-0.002507
86755,20131230,87.39,-0.001485
86755,20131231,87.96,0.006522
86755,20140102,87.27,-0.007845
86755,20140103,86.64,-0.007219
86755,20140106,86.32,-0.003693
86755,20140107,87.12,0.009268
86755,20140108,87.31,0.002181
86755,20140109,87.02,-0.003322
86755,20140110,87.3,0.003218
86755,20140113,86.01,-0.014777
86755,20140114,87.65,0.019068
86755,20140115,88.37,0.008215
86755,20140116,88.38,0.000113
86755,20140117,87.88,-0.005657
86755,20140121,88.55,0.007624
86755,20140122,88.78,0.002597
86755,20140123,88.48,-0.003379
86755,20140124,86.74,-0.019666
86755,20140127,85.9,-0.009684
86755,20140128,85.85,-0.000582
86755,20140129,84.93,-0.010716
86755,20140130,86.5,0.018486
86755,20140131,86.27,-0.002659
86755,20140203,84.29,-0.022951
86755,20140204,84.91,0.007356
86755,20140205,84.69,-0.002591
86755,20140206,85.77,0.012752
86755,20140207,87.3,0.017838
86755,20140210,87.8,0.005727
86755,20140211,88.8,0.01139
86755,20140212,88.97,0.001914
86755,20140213,89.63,0.007418
86755,20140214,89.81,0.002008
86755,20140218,90.25,0.004899
86755,20140219,89.63,-0.00687
86755,20140220,90.05,0.004686
86755,20140221,89.93,-0.001333
86755,20140224,90.41,0.005338
86755,20140225,90.31,-0.001106
86755,20140226,90.23,-0.000886
86755,20140227,90.44,0.006463
86755,20140228,90.34,-0.001106
86755,20140303,89.67,-0.007416
86755,20140304,90.81,0.012713
86755,20140305,91.06,0.002753
86755,20140306,90.98,-0.000878
86755,20140307,90.53,-0.004946
86755,20140310,90.61,0.000884
86755,20140311,90.22,-0.004304
86755,20140312,90.56,0.003769
86755,20140313,89.28,-0.014134
86755,20140314,88.67,-0.006832
86755,20140317,89.45,0.008797
86755,20140318,90.53,0.012074
86755,20140319,90.04,-0.005413
86755,20140320,90.29,0.002777
86755,20140321,89,-0.012005
86755,20140324,88.22,-0.008764
86755,20140325,88.51,0.003287
86755,20140326,87.37,-0.01288
86755,20140327,86.879,-0.00562
86755,20140328,87.05,0.001968
86755,20140331,87.67,0.007122
86755,20140401,89.21,0.017566
86755,20140402,89.44,0.002578
86755,20140403,88.73,-0.007938
86755,20140404,86.37,-0.026598
86755,20140407,85.55,-0.009494
86755,20140408,86.34,0.009234
86755,20140409,87.82,0.017142
86755,20140410,85.1,-0.030972
86755,20140411,84.11,-0.011633
86755,20140414,84.77,0.007847
86755,20140415,85.0501,0.003304
86755,20140416,86.18,0.013285
86755,20140417,86.2,0.000232
86755,20140421,86.84,0.007425
86755,20140422,87.53,0.007946
86755,20140423,86.76,-0.008797
86755,20140424,87.59,0.009567
86755,20140425,86.19,-0.015983
86755,20140428,86.47,0.003249
86755,20140429,87.16,0.00798
86755,20140430,87.39,0.002639
86755,20140501,87.65,0.002975
86755,20140502,87.49,-0.001825
86755,20140505,87.95,0.005258
86755,20140506,86.81,-0.012962
86755,20140507,86.56,-0.00288
86755,20140508,86.48,-0.000924
86755,20140509,86.8,0.0037
86755,20140512,88.23,0.016475
86755,20140513,88.29,0.00068
86755,20140514,87.83,-0.00521
86755,20140515,87.135,-0.007913
86755,20140516,87.71,0.006599
86755,20140519,88.32,0.006955
86755,20140520,88,-0.003623
86755,20140521,88.84,0.009545
86755,20140522,89.23,0.00439
86755,20140523,89.88,0.007284
86755,20140527,91.001,0.012472
86755,20140528,90.72,-0.003088
86755,20140529,91.3,0.006393
86755,20140530,91.31,0.000109
86755,20140602,91.22,-0.000986
86755,20140603,91.18,-0.000439
86755,20140604,91.52,0.003729
86755,20140605,92.29,0.008414
86755,20140606,92.82,0.005743
86755,20140609,92.75,-0.000754
86755,20140610,92.91,0.001725
86755,20140611,92.89,-0.000215
86755,20140612,92.05,-0.009043
86755,20140613,92.32,0.002933
86755,20140616,92.4,0.000867
86755,20140617,92.45,0.000541
86755,20140618,92.97,0.005625
86755,20140619,92.91,-0.000645
86755,20140620,92.77,0.001174
86755,20140623,92.79,0.000216
86755,20140624,92.7,-0.00097
86755,20140625,93.29,0.006365
86755,20140626,93.34,0.000536
86755,20140627,93.75,0.004393
86755,20140630,93.91,0.001707
86755,20140701,94.94,0.010968
86755,20140702,95.1,0.001685
86755,20140703,95.7,0.006309
86755,20140707,95.41,-0.00303
86755,20140708,94.26,-0.012053
86755,20140709,94.96,0.007426
86755,20140710,94.66,-0.003159
86755,20140711,95.27,0.006444
86755,20140714,95.84,0.005983
86755,20140715,95.51,-0.003443
86755,20140716,95.89,0.003979
86755,20140717,94.619,-0.013255
86755,20140718,96.12,0.015864
86755,20140721,96,-0.001248
86755,20140722,96.61,0.006354
86755,20140723,97.227,0.006386
86755,20140724,97.12,-0.0011
86755,20140725,96.74,-0.003913
86755,20140728,96.77,0.00031
86755,20140729,96.6,-0.001757
86755,20140730,96.98,0.003934
86755,20140731,95.02,-0.02021
86755,20140801,94.67,-0.003683
86755,20140804,95.32,0.006866
86755,20140805,94.59,-0.007658
86755,20140806,94.52,-0.00074
86755,20140807,94.22,-0.003174
86755,20140808,94.9,0.007217
86755,20140811,95.46,0.005901
86755,20140812,95.42,-0.000419
86755,20140813,96.43,0.010585
86755,20140814,96.93,0.005185
86755,20140815,97.4,0.004849
86755,20140818,98.15,0.0077
86755,20140819,98.7,0.005604
86755,20140820,98.7,0
86755,20140821,98.9,0.002026
86755,20140822,99.05,0.001517
86755,20140825,99.4,0.003534
86755,20140826,99.5,0.001006
86755,20140827,99.52,0.000201
86755,20140828,99.41,-0.001105
86755,20140829,99.78,0.003722
86755,20140902,100.07,0.002906
86755,20140903,99.48,-0.005896
86755,20140904,99.39,-0.000905
86755,20140905,99.89,0.005031
86755,20140908,100.08,0.001902
86755,20140909,99.25,-0.008293
86755,20140910,100.07,0.008262
86755,20140911,99.99,-0.000799
86755,20140912,99.48,-0.0051
86755,20140915,98.52,-0.00965
86755,20140916,99.38,0.008729
86755,20140917,99.53,0.001509
86755,20140918,100.28,0.007535
86755,20140919,99.98,-0.00062
86755,20140922,99.05,-0.009302
86755,20140923,98.78,-0.002726
86755,20140924,99.84,0.010731
86755,20140925,97.74,-0.021034
86755,20140926,98.78,0.01064
86755,20140929,98.65,-0.001316
86755,20140930,98.79,0.001419
86755,20141001,97.21,-0.015994
86755,20141002,97.21,0
86755,20141003,98.17,0.009876
86755,20141006,97.96,-0.002139
86755,20141007,96.57,-0.014189
86755,20141008,98.45,0.019468
86755,20141009,96.86,-0.01615
86755,20141010,94.44,-0.024984
86755,20141013,92.96,-0.015671
86755,20141014,92.97,0.000108
86755,20141015,92.37,-0.006454
86755,20141016,91.79,-0.006279
86755,20141017,93,0.013182
86755,20141020,94.39,0.014946
86755,20141021,96.87,0.026274
86755,20141022,96.37,-0.005162
86755,20141023,97.82,0.015046
86755,20141024,98.62,0.008178
86755,20141027,98.69,0.00071
86755,20141028,100.18,0.015098
86755,20141029,99.81,-0.003693
86755,20141030,100.02,0.002104
86755,20141031,101.4,0.013797
86755,20141103,101.7,0.002959
86755,20141104,101.36,-0.003343
86755,20141105,101.37,0.000099
86755,20141106,101.69,0.003157
86755,20141107,101.6,-0.000885
86755,20141110,101.96,0.003543
86755,20141111,102.28,0.003138
86755,20141112,102.46,0.00176
86755,20141113,102.9,0.004294
86755,20141114,103.22,0.00311
86755,20141117,102.91,-0.003003
86755,20141118,103.68,0.007482
86755,20141119,103.21,-0.004533
86755,20141120,103.67,0.004457
86755,20141121,103.87,0.001929
86755,20141124,104.68,0.007798
86755,20141125,104.84,0.001528
86755,20141126,105.52,0.006486
86755,20141128,106.01,0.004644
86755,20141201,104.81,-0.01132
86755,20141202,105.23,0.004007
86755,20141203,105.42,0.001806
86755,20141204,105.37,-0.000474
86755,20141205,105.38,0.000095
86755,20141208,104.63,-0.007117
86755,20141209,104.96,0.003154
86755,20141210,103.31,-0.01572
86755,20141211,103.8,0.004743
86755,20141212,102.67,-0.010886
86755,20141215,101.61,-0.010324
86755,20141216,99.98,-0.016042
86755,20141217,101.8,0.018204
86755,20141218,104.25,0.024067
86755,20141219,104.32,0.004382
86755,20141222,104.58,0.002492
86755,20141223,104.21,-0.003538
86755,20141224,104.3,0.000864
86755,20141226,105.04,0.007095
86755,20141229,105.02,-0.00019
86755,20141230,104.32,-0.006665
86755,20141231,103.25,-0.010257
86755,20150102,102.94,-0.003002
86755,20150105,101.43,-0.014669
86755,20150106,100.07,-0.013408
86755,20150107,101.36,0.012891
86755,20150108,103.3,0.01914
86755,20150109,102.62,-0.006583
86755,20150112,101.55,-0.010427
86755,20150113,101.52,-0.000295
86755,20150114,100.96,-0.005516
86755,20150115,99.65,-0.012975
86755,20150116,100.82,0.011741
86755,20150120,101.62,0.007935
86755,20150121,102.14,0.005117
86755,20150122,104.03,0.018504
86755,20150123,104.26,0.002211
86755,20150126,104.14,-0.001151
86755,20150127,101.44,-0.025927
86755,20150128,100.92,-0.005126
86755,20150129,101.89,0.009612
86755,20150130,101.1,-0.007753
86755,20150202,101.98,0.008704
86755,20150203,102.96,0.00961
86755,20150204,102.87,-0.000874
86755,20150205,103.76,0.008652
86755,20150206,103.13,-0.006072
86755,20150209,102.8,-0.0032
86755,20150210,104.4,0.015564
86755,20150211,104.78,0.00364
86755,20150212,106,0.011643
86755,20150213,106.91,0.008585
86755,20150217,107.01,0.000935
86755,20150218,107.16,0.001402
86755,20150219,107.69,0.004946
86755,20150220,108.41,0.006686
86755,20150223,108.52,0.001015
86755,20150224,108.6,0.000737
86755,20150225,108.33,-0.002486
86755,20150226,108.88,0.005077
86755,20150227,108.4,-0.004408
86755,20150302,109.38,0.009041
86755,20150303,108.87,-0.004663
86755,20150304,108.45,-0.003858
86755,20150305,108.64,0.001752
86755,20150306,107.41,-0.011322
86755,20150309,107.72,0.002886
86755,20150310,105.72,-0.018567
86755,20150311,105.11,-0.00577
86755,20150312,105.8,0.006565
86755,20150313,105.34,-0.004348
86755,20150316,106.7,0.012911
86755,20150317,106.87,0.001593
86755,20150318,107.92,0.009825
86755,20150319,108.08,0.001483
86755,20150320,108.53,0.006459
86755,20150323,108.32,-0.001935
86755,20150324,107.93,-0.0036
86755,20150325,105.46,-0.022885
86755,20150326,105.1,-0.003414
86755,20150327,105.52,0.003996
86755,20150330,106.73,0.011467
86755,20150331,105.6,-0.010588
86755,20150401,105.05,-0.005208
86755,20150402,105.12,0.000666
86755,20150406,105.98,0.008181
86755,20150407,105.8,-0.001698
86755,20150408,106.64,0.007939
86755,20150409,107.31,0.006283
86755,20150410,107.75,0.0041
86755,20150413,107.48,-0.002506
86755,20150414,107.17,-0.002884
86755,20150415,107.84,0.006252
86755,20150416,107.69,-0.001391
86755,20150417,106.01,-0.0156
86755,20150420,107.6,0.014999
86755,20150421,108.06,0.004275
86755,20150422,108.65,0.00546
86755,20150423,109.06,0.003774
86755,20150424,110.54,0.013571
86755,20150427,110.26,-0.002533
86755,20150428,110.04,-0.001995
86755,20150429,109.35,-0.00627
86755,20150430,107.63,-0.015729
86755,20150501,109.05,0.013193
86755,20150504,109.23,0.001651
86755,20150505,107.45,-0.016296
86755,20150506,106.71,-0.006887
86755,20150507,107.35,0.005998
86755,20150508,108.69,0.012483
86755,20150511,108.27,-0.003864
86755,20150512,107.78,-0.004526
86755,20150513,108,0.002041
86755,20150514,109.58,0.01463
86755,20150515,109.58,0
86755,20150518,110.06,0.00438
86755,20150519,109.94,-0.00109
86755,20150520,110.01,0.000637
86755,20150521,110.58,0.005181
86755,20150522,110.47,-0.000995
86755,20150526,109.2,-0.011496
86755,20150527,110.96,0.016117
86755,20150528,110.71,-0.002253
86755,20150529,110.05,-0.005961
86755,20150601,110.42,0.003362
86755,20150602,110.07,-0.00317
86755,20150603,110.4,0.002998
86755,20150604,109.56,-0.007609
86755,20150605,109.3,-0.002373
86755,20150608,108.19,-0.010156
86755,20150609,108.01,-0.001664
86755,20150610,109.49,0.013702
86755,20150611,109.65,0.001461
86755,20150612,108.75,-0.008208
86755,20150615,108.21,-0.004966
86755,20150616,108.8,0.005452
86755,20150617,109.1,0.002757
86755,20150618,110.69,0.014574
86755,20150619,109.89,-0.004931
86755,20150622,110.7,0.007371
86755,20150623,110.79,0.000813
86755,20150624,110.22,-0.005145
86755,20150625,110,-0.001996
86755,20150626,109.27,-0.006636
86755,20150629,106.69,-0.023611
86755,20150630,107.07,0.003562
86755,20150701,107.92,0.007939
86755,20150702,107.95,0.000278
86755,20150706,107.7,-0.002316
86755,20150707,107.97,0.002507
86755,20150708,106.09,-0.017412
86755,20150709,106.03,-0.000566
86755,20150710,107.65,0.015279
86755,20150713,109.54,0.017557
86755,20150714,110.26,0.006573
86755,20150715,110.38,0.001088
86755,20150716,111.94,0.014133
86755,20150717,113.59,0.01474
86755,20150720,113.98,0.003433
86755,20150721,113.91,-0.000614
86755,20150722,112.62,-0.011325
86755,20150723,112.2,-0.003729
86755,20150724,111.1,-0.009804
86755,20150727,110.18,-0.008281
86755,20150728,111.13,0.008622
86755,20150729,111.55,0.003779
86755,20150730,112.08,0.004751
86755,20150731,111.95,-0.00116
86755,20150803,111.6,-0.003126
86755,20150804,111.39,-0.001882
86755,20150805,112.25,0.007721
86755,20150806,110.45,-0.016036
86755,20150807,110.31,-0.001268
86755,20150810,111.57,0.011422
86755,20150811,110.14,-0.012817
86755,20150812,110.52,0.00345
86755,20150813,110.34,-0.001629
86755,20150814,110.51,0.001541
86755,20150817,111.43,0.008325
86755,20150818,110.86,-0.005115
86755,20150819,110.13,-0.006585
86755,20150820,107.08,-0.027695
86755,20150821,102.4,-0.043706
86755,20150824,98.46,-0.038477
86755,20150825,98.09,-0.003758
86755,20150826,103.03,0.050362
86755,20150827,105.64,0.025332
86755,20150828,105.62,-0.000189
86755,20150831,104.31,-0.012403
86755,20150901,101.05,-0.031253
86755,20150902,103.9,0.028204
86755,20150903,103.39,-0.004909
86755,20150904,102.16,-0.011897
86755,20150908,105.04,0.028191
86755,20150909,103.86,-0.011234
86755,20150910,104.99,0.01088
86755,20150911,105.57,0.005524
86755,20150914,105.25,-0.003031
86755,20150915,106.49,0.011781
86755,20150916,107.09,0.005634
86755,20150917,107.13,0.000374
86755,20150918,105.35,-0.014188
86755,20150921,105.68,0.003132
86755,20150922,104.1,-0.014951
86755,20150923,104.18,0.000769
86755,20150924,103.8,-0.003648
86755,20150925,102.92,-0.008478
86755,20150928,99.99,-0.028469
86755,20150929,99.47,-0.0052
86755,20150930,101.76,0.023022
86755,20151001,102.22,0.00452
86755,20151002,104.01,0.017511
86755,20151005,105.5,0.014326
86755,20151006,105,-0.004739
86755,20151007,105.63,0.006
86755,20151008,106.05,0.003976
86755,20151009,106.53,0.004526
86755,20151012,106.79,0.002441
86755,20151013,106.1,-0.006461
86755,20151014,105.93,-0.001602
86755,20151015,107.67,0.016426
86755,20151016,108.12,0.004179
86755,20151019,108.74,0.005734
86755,20151020,108.18,-0.00515
86755,20151021,107.52,-0.006101
86755,20151022,109.71,0.020368
86755,20151023,112.78,0.027983
86755,20151026,112.85,0.000621
86755,20151027,113.08,0.002038
86755,20151028,114.02,0.008313
86755,20151029,113.84,-0.001579
86755,20151030,113.33,-0.00448
86755,20151102,114.61,0.011294
86755,20151103,115.01,0.00349
86755,20151104,115.02,0.000087
86755,20151105,114.71,-0.002695
86755,20151106,114.79,0.000697
86755,20151109,113.57,-0.010628
86755,20151110,113.28,-0.002553
86755,20151111,113.14,-0.001236
86755,20151112,112.04,-0.009722
86755,20151113,109.84,-0.019636
86755,20151116,111.42,0.014385
86755,20151117,111.49,0.000628
86755,20151118,113.63,0.019195
86755,20151119,113.71,0.000704
86755,20151120,114.48,0.006772
86755,20151123,114.15,-0.002883
86755,20151124,114.05,-0.000876
86755,20151125,114.15,0.000877
86755,20151127,114.31,0.001402
86755,20151130,114.02,-0.002537
86755,20151201,115.16,0.009998
86755,20151202,114.45,-0.006165
86755,20151203,112.51,-0.016951
86755,20151204,115.14,0.023376
86755,20151207,114.62,-0.004516
86755,20151208,114.63,0.000087
86755,20151209,112.89,-0.015179
86755,20151210,113.4,0.004518
86755,20151211,110.79,-0.023016
86755,20151214,111.63,0.007582
86755,20151215,112.31,0.006092
86755,20151216,113.98,0.01487
86755,20151217,112.32,-0.014564
86755,20151218,109.83,-0.019121
86755,20151221,111.05,0.011108
86755,20151222,111.78,0.006574
86755,20151223,112.61,0.007425
86755,20151224,112.59,-0.000178
86755,20151228,112.53,-0.000533
86755,20151229,114.3,0.015729
86755,20151230,113.27,-0.009011
86755,20151231,111.86,-0.012448
86755,20160104,109.5,-0.021098
86755,20160105,109.31,-0.001735
86755,20160106,108.26,-0.009606
86755,20160107,104.87,-0.031313
86755,20160108,104.01,-0.008201
86755,20160111,104.33,0.003077
86755,20160112,105.54,0.011598
86755,20160113,101.9,-0.034489
86755,20160114,104.07,0.021295
86755,20160115,100.84,-0.031037
86755,20160119,101.06,0.002182
86755,20160120,100.75,-0.003067
86755,20160121,100.85,0.000993
86755,20160122,103.77,0.028954
86755,20160125,102.23,-0.01484
86755,20160126,103.15,0.008999
86755,20160127,100.58,-0.024915
86755,20160128,102,0.014118
86755,20160129,104.13,0.020882
86755,20160201,104.41,0.002689
86755,20160202,102.15,-0.021645
86755,20160203,101.66,-0.004797
86755,20160204,101.65,-0.000098
86755,20160205,98.12,-0.034727
86755,20160208,96.62,-0.015287
86755,20160209,96.32,-0.003105
86755,20160210,96.69,0.003841
86755,20160211,96.55,-0.001448
86755,20160212,98.02,0.015225
86755,20160216,100.23,0.022546
86755,20160217,102.5,0.022648
86755,20160218,101.33,-0.011415
86755,20160219,101.63,0.002961
86755,20160222,103.28,0.016235
86755,20160223,101.58,-0.01646
86755,20160224,102.55,0.009549
86755,20160225,103.56,0.009849
86755,20160226,103.43,-0.001255
86755,20160229,102.5,-0.008992
86755,20160301,105.79,0.032098
86755,20160302,105.83,0.000378
86755,20160303,105.63,-0.00189
86755,20160304,105.67,0.000379
86755,20160307,105.02,-0.006151
86755,20160308,104.15,-0.008284
86755,20160309,104.82,0.006433
86755,20160310,104.66,-0.001526
86755,20160311,106.49,0.017485
86755,20160314,106.67,0.00169
86755,20160315,106.63,-0.000375
86755,20160316,107.58,0.008909
86755,20160317,107.52,-0.000558
86755,20160318,107.37,0.001561
86755,20160321,107.79,0.003912
86755,20160322,108.12,0.003062
86755,20160323,107.23,-0.008232
86755,20160324,107.26,0.00028
86755,20160328,107.11,-0.001398
86755,20160329,108.83,0.016058
86755,20160330,109.36,0.00487
86755,20160331,109.2,-0.001463
86755,20160401,110.36,0.010623
86755,20160404,109.94,-0.003806
86755,20160405,108.88,-0.009642
86755,20160406,110.67,0.01644
86755,20160407,109.08,-0.014367
86755,20160408,109,-0.000733
86755,20160411,108.6,-0.00367
86755,20160412,109.51,0.008379
86755,20160413,110.91,0.012784
86755,20160414,110.92,0.00009
86755,20160415,110.64,-0.002524
86755,20160418,111.23,0.005333
86755,20160419,110.55,-0.006113
86755,20160420,110.64,0.000814
86755,20160421,110.65,0.00009
86755,20160422,108.98,-0.015093
86755,20160425,108.98,0
86755,20160426,108.45,-0.004863
86755,20160427,107.58,-0.008022
86755,20160428,106.28,-0.012084
86755,20160429,105.72,-0.005269
86755,20160502,106.72,0.009459
86755,20160503,105.73,-0.009277
86755,20160504,105.05,-0.006431
86755,20160505,105.02,-0.000286
86755,20160506,105.58,0.005332
86755,20160509,105.88,0.002841
86755,20160510,107.33,0.013695
86755,20160511,106.36,-0.009038
86755,20160512,105.89,-0.004419
86755,20160513,105.5,-0.003683
86755,20160516,106.82,0.012512
86755,20160517,105.48,-0.012544
86755,20160518,105.86,0.003603
86755,20160519,105.31,-0.005196
86755,20160520,106.47,0.011015
86755,20160523,106.33,-0.001315
86755,20160524,108.46,0.020032
86755,20160525,109.24,0.007192
86755,20160526,109.56,0.002929
86755,20160527,110.13,0.005203
86755,20160531,110.34,0.001907
86755,20160601,110.35,0.000091
86755,20160602,110.58,0.002084
86755,20160603,110.06,-0.004703
86755,20160606,110.46,0.003634
86755,20160607,110.18,-0.002535
86755,20160608,110.37,0.001724
86755,20160609,110.19,-0.001631
86755,20160610,108.94,-0.011344
86755,20160613,108.03,-0.008353
86755,20160614,108.03,0
86755,20160615,107.72,-0.00287
86755,20160616,108.04,0.002971
86755,20160617,106.49,-0.011693
86755,20160620,107.16,0.006292
86755,20160621,107.5,0.003173
86755,20160622,107.24,-0.002419
86755,20160623,108.77,0.014267
86755,20160624,104.29,-0.041188
86755,20160627,102.22,-0.019848
86755,20160628,104.46,0.021913
86755,20160629,106.31,0.01771
86755,20160630,107.54,0.01157
86755,20160701,108.08,0.005021
86755,20160705,107.42,-0.006107
86755,20160706,108.3,0.008192
86755,20160707,108.62,0.002955
86755,20160708,110.3,0.015467
86755,20160711,110.93,0.005712
86755,20160712,111.49,0.005048
86755,20160713,111.22,-0.002422
86755,20160714,111.98,0.006833
86755,20160715,111.8,-0.001607
86755,20160718,112.54,0.006619
86755,20160719,112.13,-0.003643
86755,20160720,113.44,0.011683
86755,20160721,113.18,-0.002292
86755,20160722,113.65,0.004153
86755,20160725,113.66,0.000088
86755,20160726,113.79,0.001144
86755,20160727,114.58,0.006943
86755,20160728,114.98,0.003491
86755,20160729,115.23,0.002174
86755,20160801,115.84,0.005294
86755,20160802,114.96,-0.007597
86755,20160803,115.34,0.003305
86755,20160804,115.67,0.002861
86755,20160805,116.78,0.009596
86755,20160808,116.65,-0.001113
86755,20160809,116.92,0.002315
86755,20160810,116.62,-0.002566
86755,20160811,117.12,0.004287
86755,20160812,117.2,0.000683
86755,20160815,117.7,0.004266
86755,20160816,117.05,-0.005522
86755,20160817,117.26,0.001794
86755,20160818,117.29,0.000256
86755,20160819,117.26,-0.000256
86755,20160822,117.35,0.000767
86755,20160823,117.56,0.00179
86755,20160824,116.8,-0.006465
86755,20160825,116.61,-0.001627
86755,20160826,116.78,0.001458
86755,20160829,116.94,0.00137
86755,20160830,116.56,-0.00325
86755,20160831,116.44,-0.001029
86755,20160901,116.74,0.002576
86755,20160902,117.12,0.003255
86755,20160906,117.85,0.006233
86755,20160907,117.92,0.000594
86755,20160908,117.23,-0.005851
86755,20160909,114.28,-0.025164
86755,20160912,116.33,0.017938
86755,20160913,115.29,-0.00894
86755,20160914,115.84,0.004771
86755,20160915,117.64,0.015539
86755,20160916,117.29,-0.000477
86755,20160919,116.78,-0.004348
86755,20160920,117,0.001884
86755,20160921,118.15,0.009829
86755,20160922,119.09,0.007956
86755,20160923,118.33,-0.006382
86755,20160926,117.34,-0.008366
86755,20160927,118.5,0.009886
86755,20160928,118.7,0.001688
86755,20160929,117.84,-0.007245
86755,20160930,118.72,0.007468
86755,20161003,118.55,-0.001432
86755,20161004,118.37,-0.001518
86755,20161005,118.79,0.003548
86755,20161006,118.73,-0.000505
86755,20161007,118.47,-0.00219
86755,20161010,119.22,0.006331
86755,20161011,117.52,-0.014259
86755,20161012,117.42,-0.000851
86755,20161013,117,-0.003577
86755,20161014,117.14,0.001197
86755,20161017,116.82,-0.002732
86755,20161018,117.86,0.008903
86755,20161019,117.85,-0.000085
86755,20161020,117.71,-0.001188
86755,20161021,118.15,0.003738
86755,20161024,119.57,0.012019
86755,20161025,119.19,-0.003178
86755,20161026,118.38,-0.006796
86755,20161027,117.84,-0.004562
86755,20161028,117.1,-0.00628
86755,20161031,116.99,-0.000939
86755,20161101,116.11,-0.007522
86755,20161102,115.18,-0.00801
86755,20161103,114.05,-0.009811
86755,20161104,113.65,-0.003507
86755,20161107,116.35,0.023757
86755,20161108,117.11,0.006532
86755,20161109,117.65,0.004611
86755,20161110,115.75,-0.01615
86755,20161111,115.8,0.000432
86755,20161114,114.63,-0.010104
86755,20161115,116.22,0.013871
86755,20161116,116.91,0.005937
86755,20161117,117.76,0.007271
86755,20161118,117.32,-0.003736
86755,20161121,118.54,0.010399
86755,20161122,118.9,0.003037
86755,20161123,118.42,-0.004037
86755,20161125,118.8,0.003209
86755,20161128,118.53,-0.002273
86755,20161129,118.94,0.003459
86755,20161130,117.5,-0.012107
86755,20161201,115.47,-0.017277
86755,20161202,115.7,0.001992
86755,20161205,116.6,0.007779
86755,20161206,116.88,0.002401
86755,20161207,118.36,0.012663
86755,20161208,118.57,0.001774
86755,20161209,119.5,0.007843
86755,20161212,118.96,-0.004519
86755,20161213,120.46,0.012609
86755,20161214,120.21,-0.002075
86755,20161215,120.4,0.001581
86755,20161216,119.6,-0.003697
86755,20161219,120.09,0.004097
86755,20161220,120.55,0.003831
86755,20161221,120.46,-0.000747
86755,20161222,120.12,-0.002822
86755,20161223,120.2,0.000666
86755,20161227,120.82,0.005158
86755,20161228,119.88,-0.00778
86755,20161229,119.71,-0.001418
86755,20161230,118.48,-0.010275
86755,20170103,119.54,0.008947
86755,20170104,120.19,0.005438
86755,20170105,120.87,0.005658
86755,20170106,121.93,0.00877
86755,20170109,122.33,0.003281
86755,20170110,122.6,0.002207
86755,20170111,122.93,0.002692
86755,20170112,122.74,-0.001546
86755,20170113,123.16,0.003422
86755,20170117,122.79,-0.003004
86755,20170118,123.04,0.002036
86755,20170119,122.98,-0.000488
86755,20170120,123.25,0.002195
86755,20170123,123.35,0.000811
86755,20170124,124.18,0.006729
86755,20170125,125.43,0.010066
86755,20170126,125.56,0.001036
86755,20170127,125.8,0.001911
86755,20170130,124.82,-0.00779
86755,20170131,124.57,-0.002003
86755,20170201,125.43,0.006904
86755,20170202,125.32,-0.000877
86755,20170203,125.68,0.002873
86755,20170206,125.83,0.001194
86755,20170207,126.29,0.003656
86755,20170208,126.5,0.001663
86755,20170209,126.96,0.003636
86755,20170210,127.38,0.003308
86755,20170213,128.10001,0.005652
86755,20170214,128.53,0.003357
86755,20170215,129.28999,0.005913
86755,20170216,129.25,-0.000309
86755,20170217,129.81,0.004333
86755,20170221,130.45,0.00493
86755,20170222,130.5,0.000383
86755,20170223,130.00999,-0.003755
86755,20170224,130.25999,0.001923
86755,20170227,130.42,0.001228
86755,20170228,130.02,-0.003067
86755,20170301,131.44,0.010921
86755,20170302,130.78,-0.005021
86755,20170303,131.02,0.001835
86755,20170306,130.73,-0.002213
86755,20170307,130.50999,-0.001683
86755,20170308,130.74001,0.001762
86755,20170309,130.84,0.000765
86755,20170310,131.39,0.004204
86755,20170313,131.61,0.001674
86755,20170314,131.28999,-0.002431
86755,20170315,132.10001,0.00617
86755,20170316,132.00999,-0.000681
86755,20170317,131.69,-0.000347
86755,20170320,131.81,0.000911
86755,20170321,129.81,-0.015173
86755,20170322,130.69,0.006779
86755,20170323,130.36,-0.002525
86755,20170324,130.63,0.002071
86755,20170327,130.84,0.001608
86755,20170328,131.64,0.006114
86755,20170329,132.25,0.004634
86755,20170330,132.47,0.001664
86755,20170331,132.38,-0.000679
86755,20170403,132.3,-0.000604
86755,20170404,132.50999,0.001587
86755,20170405,131.97,-0.004075
86755,20170406,132.03999,0.00053
86755,20170407,131.97,-0.00053
86755,20170410,132.02,0.000379
86755,20170411,131.45,-0.004318
86755,20170412,130.92,-0.004032
86755,20170413,130.39999,-0.003972
86755,20170417,131.48,0.008282
86755,20170418,131.28,-0.001521
86755,20170419,131.49001,0.0016
86755,20170420,132.59,0.008366
86755,20170421,132.56,-0.000226
86755,20170424,134.16,0.01207
86755,20170425,135.13,0.00723
86755,20170426,134.94,-0.001406
86755,20170427,135.75,0.006003
86755,20170428,135.99001,0.001768
86755,20170501,137.2,0.008898
86755,20170502,137.42999,0.001676
86755,20170503,136.99001,-0.003202
86755,20170504,137.03999,0.000365
86755,20170505,137.53999,0.003649
86755,20170508,137.84,0.002181
86755,20170509,138.32001,0.003482
86755,20170510,138.39999,0.000578
86755,20170511,138.28999,-0.000795
86755,20170512,138.60001,0.002242
86755,20170515,139.03999,0.003175
86755,20170516,139.62,0.004171
86755,20170517,136.07001,-0.025426
86755,20170518,137.25999,0.008745
86755,20170519,137.84,0.004226
86755,20170522,139,0.008416
86755,20170523,139.14,0.001007
86755,20170524,139.78,0.0046
86755,20170525,140.97,0.008513
86755,20170526,141.22,0.001773
86755,20170530,141.34,0.00085
86755,20170531,141.28999,-0.000354
86755,20170601,141.84,0.003893
86755,20170602,143.46001,0.011421
86755,20170605,143.42999,-0.000209
86755,20170606,142.86,-0.003974
86755,20170607,143.42,0.00392
86755,20170608,143.57001,0.001046
86755,20170609,139.98,-0.025005
86755,20170612,139.23,-0.005358
86755,20170613,140.36,0.008116
86755,20170614,139.75,-0.004346
86755,20170615,139.13,-0.004436
86755,20170616,138.14999,-0.004324
86755,20170619,140.46001,0.016721
86755,20170620,139.36,-0.007831
86755,20170621,140.74001,0.009902
86755,20170622,140.7,-0.000284
86755,20170623,141.24001,0.003838
86755,20170626,140.58,-0.004673
86755,20170627,138.03,-0.018139
86755,20170628,140.02,0.014417
86755,20170629,137.59,-0.017355
86755,20170630,137.64,0.000363
86755,20170703,136.19,-0.010535
86755,20170705,137.53,0.009839
86755,20170706,136.28999,-0.009016
86755,20170707,137.75999,0.010786
86755,20170710,138.66,0.006533
86755,20170711,139.05,0.002813
86755,20170712,140.7,0.011866
86755,20170713,141.00999,0.002203
86755,20170714,142.12,0.007872
86755,20170717,142.19,0.000493
86755,20170718,143.14,0.006681
86755,20170719,143.98,0.005868
86755,20170720,144.17,0.00132
86755,20170721,144.11,-0.000416
86755,20170724,144.77,0.00458
86755,20170725,144.39999,-0.002556
86755,20170726,144.87,0.003255
86755,20170727,143.96001,-0.006281
86755,20170728,143.84,-0.000834
86755,20170731,143.23,-0.004241
86755,20170801,143.56,0.002304
86755,20170802,143.95,0.002717
86755,20170803,143.39,-0.00389
86755,20170804,143.64999,0.001813
86755,20170807,144.56,0.006335
86755,20170808,144.31,-0.001729
86755,20170809,144.12,-0.001317
86755,20170810,141.03,-0.02144
86755,20170811,142.10001,0.007587
86755,20170814,143.92999,0.012878
86755,20170815,144.03,0.000695
86755,20170816,144.28,0.001736
86755,20170817,141.33,-0.020446
86755,20170818,141.23,-0.000708
86755,20170821,141.05,-0.001274
86755,20170822,143.2,0.015243
86755,20170823,142.69,-0.003561
86755,20170824,142.27,-0.002943
86755,20170825,141.97,-0.002109
86755,20170828,142.41,0.003099
86755,20170829,142.97,0.003932
86755,20170830,144.64999,0.011751
86755,20170831,146.2,0.010716
86755,20170901,146,-0.001368
86755,20170905,144.69,-0.008973
86755,20170906,145.13,0.003041
86755,20170907,145.47,0.002343
86755,20170908,144.21001,-0.008662
86755,20170911,145.87,0.011511
86755,20170912,146.22,0.002399
86755,20170913,146.42,0.001368
86755,20170914,145.56,-0.005874
86755,20170915,146.06,0.003435
86755,20170918,145.55,-0.001305
86755,20170919,145.8,0.001718
86755,20170920,145.35001,-0.003086
86755,20170921,144.46001,-0.006123
86755,20170922,144.32001,-0.000969
86755,20170925,142.8,-0.010532
86755,20170926,143.17,0.002591
86755,20170927,144.46001,0.00901
86755,20170928,144.41,-0.000346
86755,20170929,145.45,0.007202
86755,20171002,145.58,0.000894
86755,20171003,145.89,0.002129
86755,20171004,146.03,0.00096
86755,20171005,147.46001,0.009793
86755,20171006,147.66,0.001356
86755,20171009,147.49001,-0.001151
86755,20171010,147.60001,0.000746
86755,20171011,148.03999,0.002981
86755,20171012,147.77,-0.001824
86755,20171013,148.34,0.003857
86755,20171016,148.85001,0.003438
86755,20171017,149.03999,0.001276
86755,20171018,148.86,-0.001208
86755,20171019,148.31,-0.003695
86755,20171020,148.71001,0.002697
86755,20171023,147.74001,-0.006523
86755,20171024,147.99001,0.001692
86755,20171025,147.42999,-0.003784
86755,20171026,146.96001,-0.003188
86755,20171027,151.24001,0.029124
86755,20171030,151.58,0.002248
86755,20171031,152.14999,0.00376
86755,20171101,152.10001,-0.000329
86755,20171102,151.81,-0.001907
86755,20171103,153.27,0.009617
86755,20171106,153.78999,0.003393
86755,20171107,153.88,0.000585
86755,20171108,154.5,0.004029
86755,20171109,153.69,-0.005243
86755,20171110,153.67999,-0.000065
86755,20171113,153.87,0.001236
86755,20171114,153.31,-0.003639
86755,20171115,152.59,-0.004696
86755,20171116,154.53999,0.012779
86755,20171117,153.95,-0.003818
86755,20171120,153.83,-0.000779
86755,20171121,155.5,0.010856
86755,20171122,155.69,0.001222
86755,20171124,156.25999,0.003661
86755,20171127,156.19,-0.000448
86755,20171128,156.59,0.002561
86755,20171129,153.86,-0.017434
86755,20171130,155.14999,0.008384
86755,20171201,154.49001,-0.004254
86755,20171204,152.71001,-0.011522
86755,20171205,152.81,0.000655
86755,20171206,153.5,0.004515
86755,20171207,154.02,0.003388
86755,20171208,154.7,0.004415
86755,20171211,155.89999,0.007757
86755,20171212,155.69,-0.001347
86755,20171213,155.99001,0.001927
86755,20171214,155.88,-0.000705
86755,20171215,157.64999,0.011355
86755,20171218,158.64,0.008369
86755,20171219,157.7,-0.005925
86755,20171220,157.53,-0.001078
86755,20171221,157.55,0.000127
86755,20171222,157.37,-0.001143
86755,20171226,156.52,-0.005401
86755,20171227,156.53999,0.000128
86755,20171228,156.73,0.001214
86755,20171229,155.75999,-0.006189
86755,20180102,158.49001,0.017527
86755,20180103,160.03,0.009717
86755,20180104,160.31,0.00175
86755,20180105,161.92,0.010043
86755,20180108,162.55,0.003891
86755,20180109,162.56,0.000061
86755,20180110,162.17999,-0.002338
86755,20180111,163.28999,0.006844
86755,20180112,164.49001,0.007349
86755,20180116,164.02,-0.002857
86755,20180117,165.78999,0.010791
86755,20180118,165.82001,0.000181
86755,20180119,166.34,0.003136
86755,20180122,168.12,0.010701
86755,20180123,169.50999,0.008268
86755,20180124,168.41,-0.006489
86755,20180125,168.35001,-0.000356
86755,20180126,170.92999,0.015325
86755,20180129,170.10001,-0.004856
86755,20180130,168.7,-0.008231
86755,20180131,169.39999,0.004149
86755,20180201,167.96001,-0.008501
86755,20180202,164.61,-0.019945
86755,20180205,158.12,-0.039427
86755,20180206,162.31,0.026499
86755,20180207,160.21001,-0.012938
86755,20180208,153.45,-0.042195
86755,20180209,156.10001,0.01727
86755,20180212,158.87,0.017745
86755,20180213,159.69,0.005161
86755,20180214,162.67999,0.018724
86755,20180215,165.7,0.018564
86755,20180216,164.96001,-0.004466
86755,20180220,165.28999,0.002
86755,20180221,164.82001,-0.002843
86755,20180222,164.8,-0.000121
86755,20180223,168.17,0.020449
86755,20180226,170.39999,0.01326
86755,20180227,168.28999,-0.012383
86755,20180228,167.21001,-0.006417
86755,20180301,164.48,-0.016327
86755,20180302,165.99001,0.009181
86755,20180305,167.83,0.011085
86755,20180306,168.53999,0.00423
86755,20180307,168.92999,0.002314
86755,20180308,169.86,0.005505
86755,20180309,173.16,0.019428
86755,20180312,174.08,0.005313
86755,20180313,171.71001,-0.013614
86755,20180314,171.67999,-0.000175
86755,20180315,171.53,-0.000874
86755,20180316,171.02,-0.002973
86755,20180319,167.10001,-0.021304
86755,20180320,167.64999,0.003291
86755,20180321,166.92,-0.004354
86755,20180322,162.8,-0.024682
86755,20180323,158.50999,-0.026351
86755,20180326,164.39999,0.037159
86755,20180327,159.08,-0.03236
86755,20180328,157.25,-0.011504
86755,20180329,160.13,0.018315
86755,20180402,155.50999,-0.028852
86755,20180403,157.25999,0.011253
86755,20180404,159.74001,0.01577
86755,20180405,160.64999,0.005697
86755,20180406,156.63,-0.025023
86755,20180409,157.73,0.007023
86755,20180410,161.21001,0.022063
86755,20180411,160.28,-0.005769
86755,20180412,162.21001,0.012041
86755,20180413,161.37,-0.005179
86755,20180416,162.60001,0.007622
86755,20180417,166.10001,0.021525
86755,20180418,166.44,0.002047
86755,20180419,164.91,-0.009192
86755,20180420,162.3,-0.015827
86755,20180423,161.89,-0.002526
86755,20180424,158.46001,-0.021187
86755,20180425,158.64999,0.001199
86755,20180426,161.99001,0.021053
86755,20180427,162.09,0.000617
86755,20180430,160.94,-0.007095
86755,20180501,162.78,0.011433
86755,20180502,161.82001,-0.005897
86755,20180503,161.8,-0.000124
86755,20180504,164.87,0.018974
86755,20180507,166.24001,0.00831
86755,20180508,166.07001,-0.001023
86755,20180509,167.88,0.010899
86755,20180510,169.62,0.010364
86755,20180511,169.46001,-0.000943
86755,20180514,169.75,0.001711
86755,20180515,167.87,-0.011075
86755,20180516,168.98,0.006612
86755,20180517,168.33,-0.003847
86755,20180518,167.46001,-0.005168
86755,20180521,168.39999,0.005613
86755,20180522,168.17999,-0.001306
86755,20180523,169.60001,0.008443
86755,20180524,169.55,-0.000295
86755,20180525,169.72,0.001003
86755,20180529,168.97,-0.004419
86755,20180530,170.17999,0.007161
86755,20180531,170.07001,-0.000646
86755,20180601,172.74001,0.015699
86755,20180604,174.3,0.009031
86755,20180605,174.84,0.003098
86755,20180606,175.86,0.005834
86755,20180607,174.42999,-0.008132
86755,20180608,174.44,0.000057
86755,20180611,174.91,0.002694
86755,20180612,175.83,0.00526
86755,20180613,175.82001,-0.000057
86755,20180614,177.60001,0.010124
86755,20180615,176.98,-0.003491
86755,20180618,176.5,-0.000574
86755,20180619,176,-0.002833
86755,20180620,177.25,0.007102
86755,20180621,175.71001,-0.008688
86755,20180622,175.32001,-0.00222
86755,20180625,171.37,-0.02253
86755,20180626,172.07001,0.004085
86755,20180627,169.73,-0.013599
86755,20180628,171.19,0.008602
86755,20180629,171.64999,0.002687
86755,20180702,172.8,0.0067
86755,20180703,170.8,-0.011574
86755,20180705,172.92,0.012412
86755,20180706,175.61,0.015556
86755,20180709,177.19,0.008997
86755,20180710,177.32001,0.000734
86755,20180711,176.42,-0.005076
86755,20180712,179.46001,0.017232
86755,20180713,179.61,0.000836
86755,20180716,179.17999,-0.002394
86755,20180717,180.27,0.006083
86755,20180718,179.92999,-0.001886
86755,20180719,179.03,-0.005002
86755,20180720,178.99001,-0.000223
86755,20180723,179.56,0.003184
86755,20180724,180.3,0.004121
86755,20180725,182.82001,0.013977
86755,20180726,180.05,-0.015152
86755,20180727,177.62,-0.013496
86755,20180730,175.11,-0.014131
86755,20180731,176.45,0.007652
86755,20180801,177.12,0.003797
86755,20180802,179.53,0.013607
86755,20180803,180.08,0.003064
86755,20180806,181.14,0.005886
86755,20180807,181.8,0.003644
86755,20180808,182.02,0.00121
86755,20180809,181.91,-0.000604
86755,20180810,180.52,-0.007641
86755,20180813,180.32001,-0.001108
86755,20180814,181.45,0.006267
86755,20180815,179.23,-0.012235
86755,20180816,179.82001,0.003292
86755,20180817,179.86,0.000222
86755,20180820,179.7,-0.00089
86755,20180821,180.36,0.003673
86755,20180822,181.06,0.003881
86755,20180823,180.8,-0.001436
86755,20180824,182.48,0.009292
86755,20180827,184.34,0.010193
86755,20180828,184.61,0.001465
86755,20180829,186.74001,0.011538
86755,20180830,186.41,-0.001767
86755,20180831,186.64999,0.001287
86755,20180904,185.85001,-0.004286
86755,20180905,183.45,-0.012914
86755,20180906,181.81,-0.00894
86755,20180907,181.11,-0.00385
86755,20180910,181.72,0.003368
86755,20180911,183.12,0.007704
86755,20180912,182.58,-0.002949
86755,20180913,184.53,0.01068
86755,20180914,183.99001,-0.002926
86755,20180917,181.34,-0.014403
86755,20180918,182.84,0.008272
86755,20180919,182.7,-0.000766
86755,20180920,184.72,0.011056
86755,20180921,183.71001,-0.005468
86755,20180924,183.89,0.002775
86755,20180925,184.14,0.00136
86755,20180926,184.27,0.000706
86755,20180927,185.83,0.008466
86755,20180928,185.78999,-0.000215
86755,20181001,186.17,0.002045
86755,20181002,185.75,-0.002256
86755,20181003,185.95,0.001077
86755,20181004,182.38,-0.019199
86755,20181005,180.14999,-0.012227
86755,20181008,179.05,-0.006106
86755,20181009,179.63,0.003239
86755,20181010,171.73,-0.043979
86755,20181011,169.60001,-0.012403
86755,20181012,174.32001,0.02783
86755,20181015,172.21001,-0.012104
86755,20181016,177.22,0.029092
86755,20181017,177.28999,0.000395
86755,20181018,173.17999,-0.023182
86755,20181019,173.02,-0.000924
86755,20181022,173.91,0.005144
86755,20181023,173.27,-0.00368
86755,20181024,165.34,-0.045767
86755,20181025,171.06,0.034595
86755,20181026,166.66,-0.025722
86755,20181029,163.23,-0.020581
86755,20181030,165.92,0.01648
86755,20181031,169.82001,0.023505
86755,20181101,172.06,0.01319
86755,20181102,169.38,-0.015576
86755,20181105,168.96001,-0.00248
86755,20181106,170.24001,0.007576
86755,20181107,175.58,0.031367
86755,20181108,174.46001,-0.006379
86755,20181109,171.52,-0.016852
86755,20181112,166.33,-0.030259
86755,20181113,166.47,0.000842
86755,20181114,165.2,-0.007629
86755,20181115,168.09,0.017494
86755,20181116,167.5,-0.00351
86755,20181119,162.06,-0.032478
86755,20181120,159.16,-0.017895
86755,20181121,160.37,0.007602
86755,20181123,159.21001,-0.007233
86755,20181126,162.89,0.023114
86755,20181127,163.44,0.003377
86755,20181128,168.7,0.032183
86755,20181129,168.14999,-0.00326
86755,20181130,169.37,0.007255
86755,20181203,172.33,0.017477
86755,20181204,165.72,-0.038357
86755,20181206,166.89,0.00706
86755,20181207,161.38,-0.033016
86755,20181210,163.07001,0.010472
86755,20181211,163.61,0.003311
86755,20181212,165.05,0.008801
86755,20181213,165.10001,0.000303
86755,20181214,161.08,-0.024349
86755,20181217,157.42999,-0.02266
86755,20181218,158.42,0.006289
86755,20181219,154.53,-0.024555
86755,20181220,152.28999,-0.014496
86755,20181221,147.57001,-0.030993
86755,20181224,143.5,-0.02473
86755,20181226,152.46001,0.062439
86755,20181227,153.05,0.00387
86755,20181228,152.97,-0.000523
86755,20181231,154.25999,0.008433
86755,20190102,154.88,0.004019
86755,20190103,149.82001,-0.03267
86755,20190104,156.23,0.042785
86755,20190107,158.09,0.011906
86755,20190108,159.52,0.009046
86755,20190109,160.82001,0.008149
86755,20190110,161.28,0.00286
86755,20190111,160.69,-0.003658
86755,20190114,159.27,-0.008837
86755,20190115,162.38,0.019527
86755,20190116,162.35001,-0.000185
86755,20190117,163.63,0.007884
86755,20190118,165.25,0.0099
86755,20190122,161.94,-0.02003
86755,20190123,162.14999,0.001297
86755,20190124,163.2,0.006476
86755,20190125,165.14999,0.011949
86755,20190128,163.11,-0.012352
86755,20190129,161.57001,-0.009441
86755,20190130,165.67999,0.025438
86755,20190131,168.16,0.014969
86755,20190201,167.45,-0.004222
86755,20190204,169.53,0.012422
86755,20190205,171.03,0.008848
86755,20190206,170.52,-0.002982
86755,20190207,168.23,-0.01343
86755,20190208,168.56,0.001962
86755,20190211,168.39999,-0.000949
86755,20190212,170.89,0.014786
86755,20190213,171.00999,0.000702
86755,20190214,171.22,0.001228
86755,20190215,171.94,0.004205
86755,20190219,172.28,0.001977
86755,20190220,172.25,-0.000174
86755,20190221,171.62,-0.003658
86755,20190222,172.89,0.0074
86755,20190225,173.52,0.003644
86755,20190226,173.7,0.001037
86755,20190227,173.59,-0.000633
86755,20190228,173.19,-0.002304
86755,20190301,174.39,0.006929
86755,20190304,174.42,0.000172
86755,20190305,174.55,0.000745
86755,20190306,173.56,-0.005672
86755,20190307,171.42999,-0.012272
86755,20190308,171.17,-0.001517
86755,20190311,174.73,0.020798
86755,20190312,175.69,0.005494
86755,20190313,177.00999,0.007513
86755,20190314,176.71001,-0.001695
86755,20190315,178.35001,0.009281
86755,20190318,178.45,0.002378
86755,20190319,179.05,0.003362
86755,20190320,179.75999,0.003965
86755,20190321,182.57001,0.015632
86755,20190322,178.56,-0.021964
86755,20190325,178.22,-0.001904
86755,20190326,179.05,0.004657
86755,20190327,177.89999,-0.006423
86755,20190328,178.31,0.002305
86755,20190329,179.66,0.007571
86755,20190401,182.03999,0.013247
86755,20190402,182.73,0.00379
86755,20190403,183.78,0.005746
86755,20190404,183.71001,-0.000381
86755,20190405,184.66,0.005171
86755,20190408,185.13,0.002545
86755,20190409,184.48,-0.003511
86755,20190410,185.47,0.005366
86755,20190411,185.03,-0.002372
86755,20190412,185.83,0.004324
86755,20190415,185.86,0.000161
86755,20190416,186.5,0.003443
86755,20190417,187.14999,0.003485
86755,20190418,187.39,0.001282
86755,20190422,187.92,0.002828
86755,20190423,190.31,0.012718
86755,20190424,189.71001,-0.003153
86755,20190425,190.48,0.004059
86755,20190426,190.64999,0.000892
86755,20190429,191.02,0.001941
86755,20190430,189.53999,-0.007748
86755,20190501,188.92999,-0.003218
86755,20190502,188.11,-0.00434
86755,20190503,191.11,0.015948
86755,20190506,189.94,-0.006122
86755,20190507,186.24001,-0.01948
86755,20190508,185.77,-0.002524
86755,20190509,184.77,-0.005383
86755,20190510,185,0.001245
86755,20190513,178.58,-0.034703
86755,20190514,180.53999,0.010975
86755,20190515,183.09,0.014124
86755,20190516,184.92999,0.01005
86755,20190517,183.03999,-0.01022
86755,20190520,179.95,-0.016882
86755,20190521,181.83,0.010447
86755,20190522,181.02,-0.004455
86755,20190523,178.25,-0.015302
86755,20190524,178.16,-0.000505
86755,20190528,177.49001,-0.003761
86755,20190529,176.03,-0.008226
86755,20190530,176.77,0.004204
86755,20190531,173.95,-0.015953
86755,20190603,170.12,-0.022018
86755,20190604,174.91,0.028157
86755,20190605,176.21001,0.007432
86755,20190606,177.61,0.007945
86755,20190607,181.03999,0.019312
86755,20190610,183.14999,0.011655
86755,20190611,183.39999,0.001365
86755,20190612,182.34,-0.00578
86755,20190613,183.42,0.005923
86755,20190614,182.64,-0.004253
86755,20190617,183.74001,0.006023
86755,20190618,186.41,0.014531
86755,20190619,187.11,0.003755
86755,20190620,188.85001,0.009299
86755,20190621,188.57001,-0.001483
86755,20190624,188.16,0.00003
86755,20190625,184.92999,-0.017166
86755,20190626,185.78999,0.00465
86755,20190627,186.5,0.003822
86755,20190628,186.74001,0.001287
86755,20190701,189.25999,0.013495
86755,20190702,190.00999,0.003963
86755,20190703,191.44,0.007526
86755,20190705,191.05,-0.002037
86755,20190708,189.71001,-0.007014
86755,20190709,190.66,0.005008
86755,20190710,192.56,0.009965
86755,20190711,192.42,-0.000727
86755,20190712,193.53,0.005769
86755,20190715,194.14999,0.003204
86755,20190716,193.14999,-0.005151
86755,20190717,192.2,-0.004918
86755,20190718,192.42,0.001145
86755,20190719,191.00999,-0.007328
86755,20190722,192.53,0.007958
86755,20190723,193.78999,0.006544
86755,20190724,195.14999,0.007018
86755,20190725,193.3,-0.00948
86755,20190726,195.28999,0.010295
86755,20190729,194.62,-0.003431
86755,20190730,193.78,-0.004316
86755,20190731,191.10001,-0.01383
86755,20190801,190.14999,-0.004971
86755,20190802,187.35001,-0.014725
86755,20190805,180.73,-0.035335
86755,20190806,183.25999,0.013999
86755,20190807,184.25,0.005402
86755,20190808,188.25999,0.021764
86755,20190809,186.49001,-0.009402
86755,20190812,184.35001,-0.011475
86755,20190813,188.39,0.021915
86755,20190814,182.75999,-0.029885
86755,20190815,182.55,-0.001149
86755,20190816,185.48,0.01605
86755,20190819,188.42999,0.015905
86755,20190820,186.97,-0.007748
86755,20190821,188.63,0.008878
86755,20190822,188.02,-0.003234
86755,20190823,182.07001,-0.031646
86755,20190826,184.82001,0.015104
86755,20190827,184.42999,-0.00211
86755,20190828,185.09,0.003579
86755,20190829,187.92,0.01529
86755,20190830,187.47,-0.002395
86755,20190903,185.64999,-0.009708
86755,20190904,188.33,0.014436
86755,20190905,191.78,0.018319
86755,20190906,191.59,-0.000991
86755,20190909,191.19,-0.002088
86755,20190910,190.64,-0.002877
86755,20190911,192.42999,0.009389
86755,20190912,193.23,0.004157
86755,20190913,192.53999,-0.003571
86755,20190916,191.67999,-0.004467
86755,20190917,192.60001,0.0048
86755,20190918,192.52,-0.000415
86755,20190919,192.84,0.001662
86755,20190920,190.8,-0.010579
86755,20190923,190.5,0.000441
86755,20190924,187.97,-0.013281
86755,20190925,190.08,0.011225
86755,20190926,189.38,-0.003683
86755,20190927,187.03,-0.012409
86755,20190930,188.81,0.009517
86755,20191001,187.27,-0.008156
86755,20191002,184.05,-0.017194
86755,20191003,186.07001,0.010975
86755,20191004,188.81,0.014726
86755,20191007,188.24001,-0.003019
86755,20191008,185.42,-0.014981
86755,20191009,187.23,0.009762
86755,20191010,188.67999,0.007744
86755,20191011,191.11,0.012879
86755,20191014,191.09,-0.000105
86755,20191015,193.52,0.012717
86755,20191016,193.03999,-0.00248
86755,20191017,193.55,0.002642
86755,20191018,191.69,-0.00961
86755,20191021,193.39,0.008868
86755,20191022,191.85001,-0.007963
86755,20191023,192.22,0.001929
86755,20191024,194.09,0.009728
86755,20191025,195.64,0.007986
86755,20191028,197.57001,0.009865
86755,20191029,196.03999,-0.007744
86755,20191030,196.99001,0.004846
86755,20191031,197.08,0.000457
86755,20191101,198.87,0.009083
86755,20191104,200.10001,0.006185
86755,20191105,200.21001,0.00055
86755,20191106,199.75999,-0.002248
86755,20191107,200.42999,0.003354
86755,20191108,201.23,0.003991
86755,20191111,200.96001,-0.001342
86755,20191112,201.53999,0.002886
86755,20191113,201.59,0.000248
86755,20191114,201.42999,-0.000794
86755,20191115,202.91,0.007348
86755,20191118,203.07001,0.000789
86755,20191119,203.37,0.001477
86755,20191120,202.14999,-0.005999
86755,20191121,201.7,-0.002226
86755,20191122,201.83,0.000645
86755,20191125,204.22,0.011842
86755,20191126,204.61,0.00191
86755,20191127,206.03999,0.006989
86755,20191129,205.10001,-0.004562
86755,20191202,203,-0.010239
86755,20191203,201.41,-0.007832
86755,20191204,202.42999,0.005064
86755,20191205,202.83,0.001976
86755,20191206,205,0.010699
86755,20191209,204.07001,-0.004537
86755,20191210,203.89999,-0.000833
86755,20191211,204.98,0.005297
86755,20191212,206.50999,0.007464
86755,20191213,207.19,0.003293
86755,20191216,209.27,0.010039
86755,20191217,209.39,0.000573
86755,20191218,209.55,0.000764
86755,20191219,210.86,0.006251
86755,20191220,211.71001,0.004031
86755,20191223,211.81,0.002634
86755,20191224,211.92,0.000519
86755,20191226,213.78999,0.008824
86755,20191227,213.61,-0.000842
86755,20191230,212.21001,-0.006554
86755,20191231,212.61,0.001885
